size,pin,threads,runtime,energy
500,false,16,0.047913264,2.080989
500,false,16,0.047874995,2.106135
500,false,16,0.04750923,2.104669
500,false,16,0.047469918,2.073481
500,false,16,0.0473117,2.128779
500,false,16,0.04721984,2.089411
500,false,16,0.047499157,2.053035
500,false,16,0.047573112,2.126215
500,false,16,0.04809954,2.103693
500,false,8,0.047282837,2.06573
500,false,8,0.05562607,2.294122
500,false,8,0.06232899,2.338617
500,false,8,0.05593134,2.265925
500,false,8,0.062082496,2.327386
500,false,8,0.060958285,2.321772
500,false,8,0.05582369,2.285333
500,false,8,0.06205532,2.351435
500,false,8,0.05603921,2.246149
500,false,8,0.05582448,2.267267
500,false,12.8,0.05624155,2.258234
500,false,12.8,0.050535254,2.196222
500,false,12.8,0.05051968,2.142634
500,false,12.8,0.05046517,2.161982
500,false,12.8,0.050292123,2.155817
500,false,12.8,0.050127156,2.151423
500,false,12.8,0.05012487,2.135614
500,false,12.8,0.050518245,2.171748
500,false,12.8,0.05017515,2.09173
500,false,12.8,0.050315525,2.132746
500,false,15.68,0.050366785,2.169245
500,false,15.68,0.04738384,2.082941
500,false,15.68,0.047218878,2.074702
500,false,15.68,0.0473265,2.112055
500,false,15.68,0.047559325,2.069331
500,false,15.68,0.047326807,2.115168
500,false,15.68,0.04732612,2.077631
500,false,15.68,0.047403555,2.084772
500,false,15.68,0.047280155,2.106929
500,false,15.68,0.047171347,2.094355
500,false,16,0.047330923,2.061152
500,false,16,0.047284145,2.118219
500,false,16,0.04736558,2.085688
500,false,16,0.047525533,2.111872
500,false,16,0.049430337,2.142085
500,false,16,0.04733437,2.085627
500,false,16,0.04737045,2.124079
500,false,16,0.047545664,2.14892
500,false,16,0.04740006,2.079707
500,false,16,0.04738191,2.095819
500,false,14.9632,0.047357343,2.083796
500,false,14.9632,0.048038088,2.105464
500,false,14.9632,0.04815471,2.084772
500,false,14.9632,0.048083045,2.089533
500,false,14.9632,0.048128176,2.129023
500,false,14.9632,0.048663337,2.137873
500,false,14.9632,0.04836232,2.079219
500,false,14.9632,0.04785396,2.088312
500,false,14.9632,0.048796367,2.185969
500,false,14.9632,0.048163623,2.060297
500,false,15.585279,0.048086707,2.134272
500,false,15.585279,0.047333997,2.091303
500,false,15.585279,0.047480464,2.078059
500,false,15.585279,0.047334317,2.10113
500,false,15.585279,0.047404315,2.084833
500,false,15.585279,0.047417328,2.113886
500,false,15.585279,0.04733964,2.112544
500,false,15.585279,0.047416095,2.10821
500,false,15.585279,0.047338203,2.081293
500,false,15.585279,0.04797066,2.162837
500,false,16,0.047254678,2.054255
500,false,16,0.047718298,2.108209
500,false,16,0.047261056,2.090937
500,false,16,0.047343466,2.084223
500,false,16,0.04723616,2.0758
500,false,16,0.047290575,2.112483
500,false,16,0.047428172,2.07818
500,false,16,0.048103247,2.106379
500,false,16,0.047375545,2.155817
500,false,16,0.04735204,2.075373
500,false,16,0.04731302,2.080195
500,false,16,0.04738135,2.13354
500,false,16,0.047425073,2.107538
500,false,16,0.04731295,2.080195
500,false,16,0.047662523,2.090205
500,false,16,0.047183324,2.100214
500,false,16,0.04776769,2.084651
500,false,16,0.04740643,2.116205
500,false,16,0.04731351,2.10229
500,false,16,0.047446523,2.093622
500,false,15.719078,0.047349904,2.098323
500,false,15.719078,0.047502976,2.119867
500,false,15.719078,0.04783563,2.137568
500,false,15.719078,0.04734562,2.081599
500,false,15.719078,0.047853418,2.152155
500,false,15.719078,0.047370385,2.068293
500,false,15.719078,0.047317177,2.135065
500,false,15.719078,0.04724493,2.081294
500,false,15.719078,0.047348294,2.061457
500,false,15.719078,0.047271337,2.131586
500,false,15.470677,0.0472938,2.077448
500,false,15.470677,0.048030153,2.106379
500,false,15.470677,0.04836261,2.120356
500,false,15.470677,0.04808278,2.126887
500,false,15.470677,0.048174303,2.109858
500,false,15.470677,0.04859885,2.156732
500,false,15.470677,0.04812481,2.125239
500,false,15.470677,0.048186235,2.091303
500,false,15.470677,0.048156716,2.099787
500,false,15.470677,0.048070103,2.127009
500,false,15.696825,0.048242792,2.145197
500,false,15.696825,0.047324453,2.062312
500,false,15.696825,0.047289785,2.120844
500,false,15.696825,0.04733472,2.08404
500,false,15.696825,0.04748628,2.132014
500,false,15.696825,0.04729512,2.100031
500,false,15.696825,0.04738506,2.098994
500,false,15.696825,0.048097104,2.12591
500,false,15.696825,0.047365267,2.118341
500,false,15.696825,0.047420114,2.118892
500,false,15.486679,0.047316067,2.08935
500,false,15.486679,0.04807786,2.124811
500,false,15.486679,0.048136927,2.115962
500,false,15.486679,0.04831566,2.11529
500,false,15.486679,0.04865328,2.132562
500,false,15.486679,0.048118383,2.111689
500,false,15.486679,0.04773979,2.091182
500,false,15.486679,0.048054837,2.111627
500,false,15.486679,0.048003014,2.095698
500,false,15.486679,0.048025128,2.101008
500,false,15.684902,0.048113033,2.124811
500,false,15.684902,0.04758757,2.119014
500,false,15.684902,0.047393784,2.068659
500,false,15.684902,0.04723335,2.11175
500,false,15.684902,0.047350496,2.095759
500,false,15.684902,0.047814816,2.115717
500,false,15.684902,0.04890038,2.145197
500,false,15.684902,0.047379337,2.099543
500,false,15.684902,0.04743139,2.096735
500,false,15.684902,0.047334086,2.063227
500,false,15.874006,0.047817867,2.119868
500,false,15.874006,0.04750952,2.094843
500,false,15.874006,0.04735934,2.113154
500,false,15.874006,0.04726252,2.065852
500,false,15.874006,0.047359217,2.12414
500,false,15.874006,0.04728852,2.104609
500,false,15.874006,0.047843482,2.109125
500,false,15.874006,0.047202356,2.079157
500,false,15.874006,0.047443848,2.128596
500,false,15.874006,0.047390364,2.081416
500,false,16,0.04736711,2.103754
500,false,16,0.047622208,2.111689
500,false,16,0.04730681,2.114252
500,false,16,0.04783828,2.093196
500,false,16,0.047455393,2.093561
500,false,16,0.047526497,2.118769
500,false,16,0.047403,2.114436
500,false,16,0.04752157,2.103693
500,false,16,0.047404367,2.077509
500,false,16,0.047204927,2.082942
500,false,15.823653,0.047356352,2.115595
500,false,15.823653,0.047339737,2.0805
500,false,15.823653,0.04744614,2.120966
500,false,15.823653,0.047336508,2.089717
500,false,15.823653,0.04733087,2.087458
500,false,15.823653,0.04733951,2.117853
500,false,15.823653,0.04746264,2.08404
500,false,15.823653,0.047435395,2.1029
500,false,15.823653,0.047347832,2.111323
500,false,15.823653,0.047330413,2.07934
500,false,15.651834,0.047884706,2.093928
500,false,15.651834,0.0480219,2.144587
500,false,15.651834,0.047305692,2.085749
500,false,15.651834,0.047256887,2.064264
500,false,15.651834,0.04805089,2.128474
500,false,15.651834,0.047885686,2.130549
500,false,15.651834,0.047501806,2.096125
500,false,15.651834,0.0474362,2.109736
500,false,15.651834,0.04731008,2.0758
500,false,15.651834,0.04792649,2.099543
500,false,15.819984,0.04728674,2.122248
500,false,15.819984,0.04726006,2.080439
500,false,15.819984,0.048679464,2.151545
500,false,15.819984,0.047436148,2.100763
500,false,15.819984,0.04739152,2.094538
500,false,15.819984,0.047230452,2.084529
500,false,15.819984,0.047929384,2.105463
500,false,15.819984,0.047468904,2.077204
500,false,15.819984,0.047380168,2.092158
500,false,15.819984,0.04738786,2.077448
500,false,15.985138,0.047342107,2.099726
500,false,15.985138,0.047464103,2.081294
500,false,15.985138,0.0472012,2.107233
500,false,15.985138,0.047526468,2.075861
500,false,15.985138,0.047393184,2.130366
500,false,15.985138,0.04736263,2.081111
500,false,15.985138,0.04727394,2.081659
500,false,15.985138,0.047192976,2.078059
500,false,15.985138,0.047328494,2.105768
500,false,15.985138,0.047334928,2.114985
500,false,16,0.047206167,2.080561
750,false,16,0.154159,6.896344
750,false,16,0.15866463,7.147504
750,false,16,0.15459238,6.970746
750,false,16,0.15793017,7.131147
750,false,16,0.15663092,7.020367
750,false,16,0.15568964,7.016096
750,false,16,0.15774605,7.082501
750,false,16,0.15328482,6.903669
750,false,16,0.15402398,6.938031
750,false,8,0.15692697,7.052656
750,false,8,0.18785715,7.978678
750,false,8,0.26221722,8.55491
750,false,8,0.18745649,7.927287
750,false,8,0.19315863,7.976786
750,false,8,0.18739231,7.933634
750,false,8,0.19467512,7.980571
750,false,8,0.18759413,7.923258
750,false,8,0.18760467,7.96757
750,false,8,0.21721339,8.271219
750,false,12.8,0.20526932,8.105631
750,false,12.8,0.16487688,7.201093
750,false,12.8,0.1649966,7.169598
750,false,12.8,0.16440417,7.226361
750,false,12.8,0.16688414,7.350994
750,false,12.8,0.1657801,7.283429
750,false,12.8,0.16621435,7.249676
750,false,12.8,0.16574287,7.262372
750,false,12.8,0.16647385,7.353619
750,false,12.8,0.16537243,7.224835
750,false,15.68,0.16600186,7.351238
750,false,15.68,0.15541379,6.984052
750,false,15.68,0.15529062,6.985639
750,false,15.68,0.15469643,6.968915
750,false,15.68,0.15912291,7.140058
750,false,15.68,0.15692018,7.182232
750,false,15.68,0.15650551,7.036603
750,false,15.68,0.15778835,7.135602
750,false,15.68,0.15500134,6.976545
750,false,15.68,0.1541938,6.917462
750,false,16,0.15773459,7.126447
750,false,16,0.15451905,6.929609
750,false,16,0.15764418,7.1685
750,false,16,0.15579644,7.026044
750,false,16,0.15476659,6.958234
750,false,16,0.15923339,7.133221
750,false,16,0.15865706,7.197736
750,false,16,0.1554586,7.009198
750,false,16,0.15912597,7.173993
750,false,16,0.15494207,6.960553
750,false,16,0.15504967,7.000349
750,false,16,0.1585398,7.270733
750,false,16,0.15510415,6.94499
750,false,16,0.15542933,7.007489
750,false,16,0.15610006,7.04588
750,false,16,0.15519741,7.003461
750,false,16,0.15721895,7.070112
750,false,16,0.1551538,6.981122
750,false,16,0.15730727,7.191449
750,false,16,0.157635,7.124554
750,false,15.37792,0.16055627,7.242536
750,false,15.37792,0.15947963,7.139141
750,false,15.37792,0.162328,7.300641
750,false,15.37792,0.15838294,7.051496
750,false,15.37792,0.16127208,7.320171
750,false,15.37792,0.15791394,7.01579
750,false,15.37792,0.16218497,7.233685
750,false,15.37792,0.15957259,7.106977
750,false,15.37792,0.15767115,6.969281
750,false,15.37792,0.15843879,7.098615
750,false,15.800506,0.15819643,7.02818
750,false,15.800506,0.15793648,7.1909
750,false,15.800506,0.1557055,7.014691
750,false,15.800506,0.15480576,6.960493
750,false,15.800506,0.15734126,7.104291
750,false,15.800506,0.1547894,6.958356
750,false,15.800506,0.15245163,6.872724
750,false,15.800506,0.15370989,6.946515
750,false,15.800506,0.15719076,7.065351
750,false,15.800506,0.16155499,7.360943
750,false,16,0.15444979,6.961774
750,false,16,0.1581198,7.107587
750,false,16,0.15404984,6.889875
750,false,16,0.15493691,6.967817
750,false,16,0.1579241,7.136029
750,false,16,0.15656662,7.103924
750,false,16,0.15538254,6.986005
750,false,16,0.15332976,6.878218
750,false,16,0.16389343,7.260418
750,false,16,0.15687345,7.066144
750,false,15.719078,0.15854421,7.180035
750,false,15.719078,0.15621674,7.035017
750,false,15.719078,0.15530062,6.981427
750,false,15.719078,0.15547107,7.025129
750,false,15.719078,0.15606639,7.041119
750,false,15.719078,0.15527466,6.965986
750,false,15.719078,0.15393731,6.974774
750,false,15.719078,0.15879811,7.217572
750,false,15.719078,0.15399717,6.938337
750,false,15.719078,0.15742049,7.111005
750,false,15.470677,0.15732923,7.071759
750,false,15.470677,0.1600509,7.108014
750,false,15.470677,0.16148983,7.292401
750,false,15.470677,0.15883537,7.095563
750,false,15.470677,0.15841427,7.044659
750,false,15.470677,0.15832682,6.984419
750,false,15.470677,0.16059136,7.248333
750,false,15.470677,0.1565621,6.981305
750,false,15.470677,0.15831316,7.048871
750,false,15.470677,0.1630266,7.362103
750,false,15.696825,0.1637449,7.459271
750,false,15.696825,0.15704006,7.076398
750,false,15.696825,0.15811867,7.226788
750,false,15.696825,0.15528242,7.020062
750,false,15.696825,0.15594041,7.018659
750,false,15.696825,0.15459324,6.932172
750,false,15.696825,0.16137363,7.207868
750,false,15.696825,0.15522306,6.97099
750,false,15.696825,0.15294999,6.91905
750,false,15.696825,0.15523267,6.990033
750,false,15.906971,0.15576665,7.018537
750,false,15.906971,0.15474197,6.9987
750,false,15.906971,0.15905939,7.289349
750,false,15.906971,0.1578016,7.215009
750,false,15.906971,0.15531309,6.981549
750,false,15.906971,0.1573916,7.123456
750,false,15.906971,0.15250978,6.855695
750,false,15.906971,0.15555274,7.012495
750,false,15.906971,0.15523887,6.982587
750,false,15.906971,0.15563987,7.007977
750,false,16,0.15435946,6.958418
750,false,16,0.15929063,7.253033
750,false,16,0.15485618,6.985883
750,false,16,0.1532333,6.868512
750,false,16,0.15470904,6.950666
750,false,16,0.1548857,6.96684
750,false,16,0.15887937,7.260175
750,false,16,0.15796752,7.113934
750,false,16,0.15575957,7.045697
750,false,16,0.15515801,6.956709
750,false,15.810896,0.1590044,7.271282
750,false,15.810896,0.16296443,7.352215
750,false,15.810896,0.15889524,7.21861
750,false,15.810896,0.15435536,6.969831
750,false,15.810896,0.15846834,7.226421
750,false,15.810896,0.15711997,7.05937
750,false,15.810896,0.15805253,7.11131
750,false,15.810896,0.15470192,6.964581
750,false,15.810896,0.15914567,7.303815
750,false,15.810896,0.15864468,7.27647
750,false,15.992884,0.1561649,7.032087
750,false,15.992884,0.1523734,6.875409
750,false,15.992884,0.15604097,7.032819
750,false,15.992884,0.15535867,6.984174
750,false,15.992884,0.15498084,7.01933
750,false,15.992884,0.15528396,6.986799
750,false,15.992884,0.15482143,6.975812
750,false,15.992884,0.15800919,7.178021
750,false,15.992884,0.15546632,6.959944
750,false,15.992884,0.15453574,6.983319
750,false,16,0.16032438,7.351605
750,false,16,0.15917356,7.238873
750,false,16,0.15860148,7.219403
750,false,16,0.15542634,7.007733
750,false,16,0.15477414,6.99394
750,false,16,0.15503164,6.962079
750,false,16,0.15647633,7.069867
750,false,16,0.15855671,7.073163
750,false,16,0.15638123,7.019941
750,false,16,0.15938404,7.240948
750,false,15.82818,0.15842976,7.140851
750,false,15.82818,0.15532222,6.999738
750,false,15.82818,0.16264781,7.475567
750,false,15.82818,0.16204835,7.521343
750,false,15.82818,0.15687011,7.081158
750,false,15.82818,0.15512578,6.997968
750,false,15.82818,0.15540335,7.022565
750,false,15.82818,0.15467863,6.961103
750,false,15.82818,0.15930168,7.27641
750,false,15.82818,0.15927662,7.28471
750,false,15.660029,0.15648088,7.041852
750,false,15.660029,0.15638307,7.046857
750,false,15.660029,0.15868916,7.230573
750,false,15.660029,0.15355462,6.919537
750,false,15.660029,0.15800335,7.252728
750,false,15.660029,0.15538107,7.017439
750,false,15.660029,0.15472959,6.96153
750,false,15.660029,0.15667532,7.088421
750,false,15.660029,0.15366638,6.914411
750,false,15.660029,0.15663564,7.060651
750,false,15.494876,0.15630595,7.002485
750,false,15.494876,0.1608962,7.220746
750,false,15.494876,0.1594878,7.203473
750,false,15.494876,0.16202387,7.26762
750,false,15.494876,0.15849786,7.143171
750,false,15.494876,0.15796784,7.007367
750,false,15.494876,0.16343424,7.250592
750,false,15.494876,0.15801086,7.059308
750,false,15.494876,0.16050027,7.228009
750,false,15.494876,0.15886918,7.105084
750,false,15.657564,0.16066432,7.199261
1000,false,15.657564,0.41142496,18.261124
1000,false,15.657564,0.40833795,18.132093
1000,false,15.657564,0.4091759,18.136244
1000,false,15.657564,0.40804282,18.168472
1000,false,15.657564,0.40858963,18.127823
1000,false,15.657564,0.41102368,18.279005
1000,false,15.657564,0.4084898,18.191727
1000,false,15.657564,0.41021696,18.215408
1000,false,15.657564,0.41202882,18.327284
1000,false,7.657564,0.40973788,18.199722
1000,false,7.657564,0.45802185,19.213636
1000,false,7.657564,0.46297842,19.30012
1000,false,7.657564,0.454399,19.044628
1000,false,7.657564,0.44570854,18.994396
1000,false,7.657564,0.45900622,19.23042
1000,false,7.657564,0.44546884,19.00044
1000,false,7.657564,0.44513106,18.935072
1000,false,7.657564,0.44514796,18.94856
1000,false,7.657564,0.4454903,18.997631
1000,false,12.457564,0.47930366,19.426096
1000,false,12.457564,0.42880708,18.658585
1000,false,12.457564,0.42822513,18.54634
1000,false,12.457564,0.42626518,18.570875
1000,false,12.457564,0.4282975,18.656752
1000,false,12.457564,0.42955625,18.801344
1000,false,12.457564,0.4278932,18.734999
1000,false,12.457564,0.42756477,18.689404
1000,false,12.457564,0.42637834,18.609083
1000,false,12.457564,0.423927,18.500868
1000,false,15.337564,0.42873645,18.578564
1000,false,15.337564,0.41244128,18.256056
1000,false,15.337564,0.41388553,18.257584
1000,false,15.337564,0.41171744,18.105057
1000,false,15.337564,0.41351476,18.212967
1000,false,15.337564,0.41423845,18.387709
1000,false,15.337564,0.41269386,18.228287
1000,false,15.337564,0.4194418,18.613722
1000,false,15.337564,0.4139366,18.227554
1000,false,15.337564,0.41308764,18.23622
1000,false,16,0.4129822,18.225355
1000,false,16,0.40789527,18.110916
1000,false,16,0.40843174,18.200089
1000,false,16,0.40753326,18.153152
1000,false,16,0.4100708,18.19502
1000,false,16,0.4115942,18.359268
1000,false,16,0.40846902,18.212296
1000,false,16,0.40937108,18.235367
1000,false,16,0.40690053,18.124708
1000,false,16,0.41337427,18.4142
1000,false,16,0.41005743,18.22554
1000,false,16,0.40883222,18.225967
1000,false,16,0.40902564,18.119337
1000,false,16,0.40981576,18.246536
1000,false,16,0.41208833,18.46321
1000,false,16,0.41314313,18.399368
1000,false,16,0.40662003,18.088943
1000,false,16,0.41206178,18.39662
1000,false,16,0.4068442,18.070269
1000,false,16,0.4110403,18.284315
1000,false,15.37792,0.40909708,18.25636
1000,false,15.37792,0.41338024,18.291763
1000,false,15.37792,0.41456148,18.199903
1000,false,15.37792,0.4120516,18.23384
1000,false,15.37792,0.41520986,18.42073
1000,false,15.37792,0.4131713,18.19551
1000,false,15.37792,0.41596174,18.325453
1000,false,15.37792,0.41470835,18.418531
1000,false,15.37792,0.4118685,18.13594
1000,false,15.37792,0.41971546,18.610792
1000,false,15.800506,0.41140684,18.249283
1000,false,15.800506,0.40858364,18.189896
1000,false,15.800506,0.41150045,18.262833
1000,false,15.800506,0.40857384,18.188368
1000,false,15.800506,0.40950257,18.272657
1000,false,15.800506,0.40836933,18.134415
1000,false,15.800506,0.40771997,18.118729
1000,false,15.800506,0.40664798,18.08168
1000,false,15.800506,0.412993,18.486036
1000,false,15.800506,0.4113163,18.330948
1000,false,16,0.40685403,18.113907
1000,false,16,0.41100293,18.261185
1000,false,16,0.41353145,18.4521
1000,false,16,0.41144553,18.352064
1000,false,16,0.41124114,18.323624
1000,false,16,0.40877804,18.281324
1000,false,16,0.41407502,18.497694
1000,false,16,0.41192147,18.333084
1000,false,16,0.4073908,18.171583
1000,false,16,0.4073536,18.13954
1000,false,15.719078,0.408367,18.142836
1000,false,15.719078,0.4088,18.16194
1000,false,15.719078,0.41089186,18.24208
1000,false,15.719078,0.41896918,18.653578
1000,false,15.719078,0.43348652,19.665844
1000,false,15.719078,0.42784116,19.214428
1000,false,15.719078,0.42952225,19.475414
1000,false,15.719078,0.426272,19.301342
1000,false,15.719078,0.4220217,19.094313
1000,false,15.719078,0.42045167,18.80586
1000,false,15.967479,0.40920132,18.232557
1000,false,15.967479,0.41299835,18.390577
1000,false,15.967479,0.41056982,18.224258
1000,false,15.967479,0.40953472,18.223099
1000,false,15.967479,0.4100087,18.250257
1000,false,15.967479,0.40821055,18.20259
1000,false,15.967479,0.4103787,18.226517
1000,false,15.967479,0.41395158,18.414688
1000,false,15.967479,0.41083717,18.302565
1000,false,15.967479,0.40704596,18.172379
1000,false,16,0.4174734,18.740065
1000,false,16,0.4084872,18.189528
1000,false,16,0.40853283,18.221695
1000,false,16,0.40986365,18.242933
1000,false,16,0.40603623,18.103895
1000,false,16,0.4119912,18.409315
1000,false,16,0.41093072,18.288284
1000,false,16,0.40739638,18.210157
1000,false,16,0.40938833,18.192764
1000,false,16,0.4093035,18.22316
1000,false,16,0.41109967,18.284744
1000,false,16,0.41395512,18.416395
1000,false,16,0.4103498,18.272291
1000,false,16,0.4110752,18.354261
1000,false,16,0.40954083,18.233353
1000,false,16,0.40862417,18.205887
1000,false,16,0.41015014,18.200941
1000,false,16,0.41846746,18.466078
1000,false,16,0.40828457,18.2444
1000,false,16,0.40958542,18.238052
1000,false,15.801777,0.4149607,18.45918
1000,false,15.801777,0.41037303,18.254042
1000,false,15.801777,0.40981942,18.284744
1000,false,15.801777,0.4150588,18.395887
1000,false,15.801777,0.41065806,18.322952
1000,false,15.801777,0.43340296,19.588024
1000,false,15.801777,0.41285753,18.385328
1000,false,15.801777,0.4148379,18.522964
1000,false,15.801777,0.41318563,18.467848
1000,false,15.801777,0.41688538,18.768627
1000,false,15.990881,0.40751162,18.16133
1000,false,15.990881,0.40964973,18.239822
1000,false,15.990881,0.41065678,18.245987
1000,false,15.990881,0.40848845,18.159012
1000,false,15.990881,0.40980318,18.225477
1000,false,15.990881,0.41095337,18.31294
1000,false,15.990881,0.41131493,18.207352
1000,false,15.990881,0.40879083,18.195145
1000,false,15.990881,0.4086043,18.230665
1000,false,15.990881,0.41194537,18.469864
1000,false,16,0.4094502,18.23982
1000,false,16,0.40919715,18.181776
1000,false,16,0.40835807,18.216688
1000,false,16,0.40782192,18.158585
1000,false,16,0.41204837,18.363844
1000,false,16,0.41003698,18.304825
1000,false,16,0.40907732,18.220533
1000,false,16,0.40914738,18.205824
1000,false,16,0.41537803,18.449415
1000,false,16,0.40938196,18.285292
1000,false,16,0.40673822,18.104935
1000,false,16,0.40894037,18.255997
1000,false,16,0.40971774,18.269852
1000,false,16,0.40725163,18.15303
1000,false,16,0.40737918,18.167189
1000,false,16,0.4070407,18.14357
1000,false,16,0.41431257,18.510084
1000,false,16,0.40891844,18.149183
1000,false,16,0.41285434,18.422682
1000,false,16,0.41153196,18.295975
1000,false,15.82818,0.4106282,18.328321
1000,false,15.82818,0.40856868,18.148087
1000,false,15.82818,0.41310266,18.545362
1000,false,15.82818,0.40774095,18.164322
1000,false,15.82818,0.4096928,18.27455
1000,false,15.82818,0.40876827,18.221144
1000,false,15.82818,0.4119595,18.324232
1000,false,15.82818,0.41155776,18.322708
1000,false,15.82818,0.41000345,18.294083
1000,false,15.82818,0.40958107,18.20558
1000,false,15.996331,0.40854222,18.26808
1000,false,15.996331,0.41045463,18.335648
1000,false,15.996331,0.40705034,18.159256
1000,false,15.996331,0.4181231,18.67909
1000,false,15.996331,0.40967968,18.281631
1000,false,15.996331,0.40807483,18.209305
1000,false,15.996331,0.40678903,18.15663
1000,false,15.996331,0.41325274,18.463272
1000,false,15.996331,0.41081697,18.273453
1000,false,15.996331,0.41090333,18.309769
1000,false,15.831178,0.41081777,18.314957
1000,false,15.831178,0.4092361,18.24623
1000,false,15.831178,0.408932,18.223036
1000,false,15.831178,0.4102145,18.276505
1000,false,15.831178,0.40944824,18.24971
1000,false,15.831178,0.41134214,18.350965
1000,false,15.831178,0.41099516,18.355116
1000,false,15.831178,0.40885457,18.186172
1000,false,15.831178,0.41142058,18.414808
1000,false,15.831178,0.41035676,18.2917
1000,false,15.668489,0.40955794,18.241348
1250,false,15.668489,1.0200492,43.150887
1250,false,15.668489,1.0089313,42.816666
1250,false,15.668489,1.0098404,42.8224
1250,false,15.668489,1.0036724,42.681168
1250,false,15.668489,1.0192336,43.065502
1250,false,15.668489,1.0029489,42.61946
1250,false,15.668489,1.0103997,42.79164
1250,false,15.668489,1.0250481,43.10969
1250,false,15.668489,1.0174648,43.01399
1250,false,7.6684895,1.019052,43.05116
1250,false,7.6684895,0.8785811,37.971214
1250,false,7.6684895,0.89047694,38.120384
1250,false,7.6684895,0.8802929,37.98049
1250,false,7.6684895,0.88905215,38.058132
1250,false,7.6684895,0.8955639,38.188255
1250,false,7.6684895,0.88846534,38.000755
1250,false,7.6684895,0.9127292,38.487022
1250,false,7.6684895,0.9068936,39.786335
1250,false,7.6684895,0.9986276,43.88465
1250,false,2.8684893,0.9089565,39.502525
1250,false,2.8684893,3.5645425,72.378174
1250,false,2.8684893,3.5654573,71.42767
1250,false,2.8684893,3.574399,71.14844
1250,false,2.8684893,2.4511108,57.58878
1250,false,2.8684893,2.6773515,61.152798
1250,false,2.8684893,3.5801797,71.09308
1250,false,2.8684893,2.674657,60.264557
1250,false,2.8684893,3.567478,70.97028
1250,false,2.8684893,3.5568752,70.686646
1250,false,10.868489,2.3879402,56.904335
1250,false,10.868489,0.9162117,38.439785
1250,false,10.868489,0.9030348,38.253017
1250,false,10.868489,0.9146461,38.771873
1250,false,10.868489,0.9172023,38.416958
1250,false,10.868489,0.9165173,38.42623
1250,false,10.868489,0.90415066,38.326256
1250,false,10.868489,0.9448585,38.823936
1250,false,10.868489,0.9206225,38.555622
1250,false,10.868489,0.9285823,38.63833
1250,false,15.668489,0.9205273,38.5505
1250,false,15.668489,1.0152671,42.28767
1250,false,15.668489,1.0190107,42.28151
1250,false,15.668489,1.0049046,42.022476
1250,false,15.668489,1.0069511,42.022415
1250,false,15.668489,1.0110904,42.148754
1250,false,15.668489,1.0089,42.120983
1250,false,15.668489,1.0219331,42.565624
1250,false,15.668489,1.0122995,42.255688
1250,false,15.668489,1.0064577,42.073257
1250,false,12.788489,1.0178542,42.40956
1250,false,12.788489,0.92596436,39.284443
1250,false,12.788489,0.928592,39.355736
1250,false,12.788489,0.9260452,39.366173
1250,false,12.788489,0.94101745,39.559532
1250,false,12.788489,0.9478967,39.84963
1250,false,12.788489,0.9271317,39.37496
1250,false,12.788489,0.9536061,39.95241
1250,false,12.788489,0.94512016,39.597614
1250,false,12.788489,0.92678255,39.397118
1250,false,11.06049,0.92660236,39.420063
1250,false,11.06049,0.9177046,38.659878
1250,false,11.06049,0.91581607,38.65621
1250,false,11.06049,0.92448044,38.842552
1250,false,11.06049,0.9262945,39.13399
1250,false,11.06049,0.9197232,38.703697
1250,false,11.06049,0.9185627,38.729637
1250,false,11.06049,0.9194391,38.750328
1250,false,11.06049,0.9203846,38.731777
1250,false,11.06049,0.9180884,38.72225
1250,false,10.023689,0.94732136,39.37368
1250,false,10.023689,0.9250726,38.55007
1250,false,10.023689,0.9279388,38.508812
1250,false,10.023689,0.8959394,38.207848
1250,false,10.023689,0.9292122,38.64321
1250,false,10.023689,0.9172031,38.409996
1250,false,10.023689,0.96208215,40.131554
1250,false,10.023689,0.89206535,38.070763
1250,false,10.023689,0.9222153,38.536583
1250,false,10.023689,0.894803,38.04177
1250,false,9.401609,0.89297545,38.067223
1250,false,9.401609,0.93258446,38.428368
1250,false,9.401609,0.9314705,38.50961
1250,false,9.401609,0.9645372,38.86422
1250,false,9.401609,0.8837296,37.614285
1250,false,9.401609,0.8957677,38.091087
1250,false,9.401609,0.90865433,38.182335
1250,false,9.401609,0.895357,37.957603
1250,false,9.401609,0.94127077,38.61257
1250,false,9.401609,0.89468205,37.85336
1250,false,8.979024,0.92469376,38.425743
1250,false,8.979024,0.9025198,37.96902
1250,false,8.979024,0.952917,40.777786
1250,false,8.979024,0.9217015,39.831505
1250,false,8.979024,0.8835694,37.877773
1250,false,8.979024,0.89584714,38.061424
1250,false,8.979024,0.88338095,37.866665
1250,false,8.979024,0.9246462,38.75625
1250,false,8.979024,0.97098625,39.082783
1250,false,8.979024,0.89058983,38.003933
1250,false,8.6469555,0.90701795,38.027367
1250,false,8.6469555,0.92145187,38.1896
1250,false,8.6469555,0.883546,37.739895
1250,false,8.6469555,0.89670205,38.071068
1250,false,8.6469555,0.9058379,38.179653
1250,false,8.6469555,0.91043484,38.021446
1250,false,8.6469555,0.9244413,38.197353
1250,false,8.6469555,0.8835355,37.79617
1250,false,8.6469555,0.88304824,37.80001
1250,false,8.6469555,0.8951816,38.10867
1250,false,8.927877,0.8885636,37.790184
1250,false,8.927877,0.9271633,38.436424
1250,false,8.927877,0.917527,38.426903
1250,false,8.927877,0.9057442,38.23452
1250,false,8.927877,0.88544315,37.682705
1250,false,8.927877,0.8955813,38.112392
1250,false,8.927877,0.9181994,38.403404
1250,false,8.927877,0.8844014,37.877712
1250,false,8.927877,0.8839135,37.943935
1250,false,8.927877,0.8954105,37.978294
1250,false,9.176278,0.88961774,37.85397
1250,false,9.176278,0.8841089,37.7391
1250,false,9.176278,0.9265256,38.384853
1250,false,9.176278,0.93215865,38.527306
1250,false,9.176278,0.8837061,37.891075
1250,false,9.176278,0.8903042,37.971947
1250,false,9.176278,0.9291841,38.518517
1250,false,9.176278,0.989628,39.298847
1250,false,9.176278,0.8836588,37.78628
1250,false,9.176278,0.88483673,37.958763
1250,false,8.95013,0.8904644,38.364647
1250,false,8.95013,0.88362765,37.849754
1250,false,8.95013,0.89477056,38.048794
1250,false,8.95013,0.9266984,38.344505
1250,false,8.95013,0.90802956,38.139797
1250,false,8.95013,0.8891642,38.048244
1250,false,8.95013,0.93127,38.584923
1250,false,8.95013,0.9066619,38.185085
1250,false,8.95013,0.8832384,37.943996
1250,false,8.95013,0.88549775,37.945644
1250,false,8.7399845,0.8882216,37.81655
1250,false,8.7399845,0.88326603,37.863186
1250,false,8.7399845,0.9039068,38.94558
1250,false,8.7399845,0.91268104,38.732445
1250,false,8.7399845,0.88936275,38.35
1250,false,8.7399845,0.91403574,38.440453
1250,false,8.7399845,0.9253222,38.465782
1250,false,8.7399845,0.91549766,38.326626
1250,false,8.7399845,0.92907053,38.59603
1250,false,8.7399845,0.90947276,38.23031
1250,false,8.938208,0.9274289,38.507713
1250,false,8.938208,0.9080879,38.412685
1250,false,8.938208,0.9402107,38.87374
1250,false,8.938208,0.9602183,38.920246
1250,false,8.938208,0.8889919,37.877956
1250,false,8.938208,0.91150874,38.205223
1250,false,8.938208,0.88409984,37.93563
1250,false,8.938208,0.89494216,38.185753
1250,false,8.938208,0.9494168,38.854027
1250,false,8.938208,0.8843987,37.869473
1250,false,9.127312,0.9416999,38.718895
1250,false,9.127312,0.9038011,38.225857
1250,false,9.127312,0.8853557,37.9678
1250,false,9.127312,0.90865856,38.866905
1250,false,9.127312,0.90483874,38.09469
1250,false,9.127312,0.92508876,38.403404
1250,false,9.127312,0.91081774,38.266136
1250,false,9.127312,0.8879697,37.988186
1250,false,9.127312,0.91921467,38.32937
1250,false,9.127312,0.8832611,37.987022
1250,false,9.309299,0.88411486,37.991783
1250,false,9.309299,0.8840858,38.084496
1250,false,9.309299,0.8838011,37.852867
1250,false,9.309299,0.9280133,38.625633
1250,false,9.309299,0.9098329,38.40023
1250,false,9.309299,0.91638905,38.40908
1250,false,9.309299,0.908618,38.330223
1250,false,9.309299,0.88956773,38.192104
1250,false,9.309299,0.9057205,38.25094
1250,false,9.309299,0.93921745,38.975975
1250,false,9.132953,0.90670586,38.28433
1250,false,9.132953,0.8832424,37.95724
1250,false,9.132953,0.8836012,38.00405
1250,false,9.132953,0.8948438,38.118984
1250,false,9.132953,0.89439845,38.152367
1250,false,9.132953,0.89480263,38.15377
1250,false,9.132953,0.89570284,38.106407
1250,false,9.132953,0.9347095,38.92544
1250,false,9.132953,0.8835403,38.066006
1250,false,9.132953,0.8837025,38.026394
1250,false,8.961133,0.8828697,37.957848
1250,false,8.961133,0.8893161,38.186302
1250,false,8.961133,0.88603085,37.997948
1250,false,8.961133,0.90791017,38.36019
1250,false,8.961133,0.91672313,38.430687
1250,false,8.961133,0.9261993,38.713463
1250,false,8.961133,0.9123826,38.696556
1250,false,8.961133,0.904059,38.238976
1250,false,8.961133,0.907713,38.40017
1250,false,8.961133,0.89968926,38.15615
1250,false,9.129284,0.88385385,38.01937
1500,false,9.129284,1.6676733,70.33661
1500,false,9.129284,1.7161757,71.04786
1500,false,9.129284,1.6612839,69.97199
1500,false,9.129284,1.6632466,70.266426
1500,false,9.129284,1.7143027,71.546684
1500,false,9.129284,1.6746017,70.39802
1500,false,9.129284,1.6627684,70.21875
1500,false,9.129284,1.6617223,70.02722
1500,false,9.129284,1.8395839,72.45355
1500,false,16,1.8150191,72.354065
1500,false,16,2.3716857,93.68659
1500,false,16,2.3713453,93.581856
1500,false,16,2.3721368,93.60737
1500,false,16,2.357593,93.50611
1500,false,16,2.3775826,93.72302
1500,false,16,2.3794494,93.80371
1500,false,16,2.3707728,93.497925
1500,false,16,2.3627377,93.29205
1500,false,16,2.3703737,93.649055
1500,false,11.2,2.3373477,92.57325
1500,false,11.2,1.7856395,74.441956
1500,false,11.2,1.8718848,75.50823
1500,false,11.2,1.7731308,74.24217
1500,false,11.2,1.859617,75.33275
1500,false,11.2,1.8734263,75.71264
1500,false,11.2,1.7862358,74.37194
1500,false,11.2,1.8282351,77.14061
1500,false,11.2,1.7995262,75.60467
1500,false,11.2,1.8768175,76.01488
1500,false,8.32,1.7884599,74.455864
1500,false,8.32,1.7806915,71.10925
1500,false,8.32,1.6242254,69.10693
1500,false,8.32,1.6239274,69.102
1500,false,8.32,1.6241605,68.84327
1500,false,8.32,1.7008233,70.90106
1500,false,8.32,1.6313972,69.19061
1500,false,8.32,1.6437179,69.46076
1500,false,8.32,1.6637666,69.59901
1500,false,8.32,1.6315451,69.327034
1500,false,6.5919995,1.6436489,69.55897
1500,false,6.5919995,1.8791188,72.34796
1500,false,6.5919995,1.878607,72.2423
1500,false,6.5919995,1.8849901,72.37011
1500,false,6.5919995,1.883332,72.25336
1500,false,6.5919995,2.0543182,74.4107
1500,false,6.5919995,1.8827434,72.67468
1500,false,6.5919995,1.8786619,71.90881
1500,false,6.5919995,1.878981,71.92993
1500,false,6.5919995,1.8801303,72.08649
1500,false,7.6287994,1.874958,72.109375
1500,false,7.6287994,1.6601335,69.37946
1500,false,7.6287994,1.6801652,70.02307
1500,false,7.6287994,1.6249053,69.058174
1500,false,7.6287994,1.6332834,69.12037
1500,false,7.6287994,1.6245925,68.83344
1500,false,7.6287994,1.6337686,69.26203
1500,false,7.6287994,1.6506109,69.60987
1500,false,7.6287994,1.6326053,69.05439
1500,false,7.6287994,1.6246014,69.20515
1500,false,8.250879,1.6903915,72.80077
1500,false,8.250879,1.831033,76.877
1500,false,8.250879,1.6247833,69.036995
1500,false,8.250879,1.6256434,68.94221
1500,false,8.250879,1.6290072,69.511055
1500,false,8.250879,1.6259058,68.79725
1500,false,8.250879,1.6332465,69.14161
1500,false,8.250879,1.6239729,69.1092
1500,false,8.250879,1.6263468,68.96283
1500,false,8.250879,1.6339293,69.31977
1500,false,8.673465,1.6471727,70.37165
1500,false,8.673465,1.8284695,72.95098
1500,false,8.673465,1.8147235,72.22424
1500,false,8.673465,1.6650918,70.18964
1500,false,8.673465,1.6628225,70.11859
1500,false,8.673465,1.6644683,70.145515
1500,false,8.673465,1.8290942,72.48248
1500,false,8.673465,1.6690722,70.244514
1500,false,8.673465,1.6669011,70.14326
1500,false,8.673465,1.6637479,70.206
1500,false,8.341396,1.6619025,70.10206
1500,false,8.341396,1.6253395,69.24238
1500,false,8.341396,1.6433508,69.46229
1500,false,8.341396,1.6234531,69.04926
1500,false,8.341396,1.6419709,69.23358
1500,false,8.341396,1.6621559,69.66157
1500,false,8.341396,1.6412517,69.360176
1500,false,8.341396,1.6223093,68.8324
1500,false,8.341396,1.6247325,69.27021
1500,false,8.341396,1.6320785,68.955086
1500,false,8.060474,1.6255089,69.039314
1500,false,8.060474,1.6243094,69.13886
1500,false,8.060474,1.6255937,69.227844
1500,false,8.060474,1.6625754,69.75549
1500,false,8.060474,1.6499493,69.46674
1500,false,8.060474,1.6629945,69.77784
1500,false,8.060474,1.678763,71.661804
1500,false,8.060474,1.8271271,78.635666
1500,false,8.060474,1.8843086,79.73881
1500,false,8.060474,1.6273618,69.11963
1500,false,8.308875,1.6260083,69.41162
1500,false,8.308875,1.6239,69.17274
1500,false,8.308875,1.6417216,69.34882
1500,false,8.308875,1.6241138,69.2118
1500,false,8.308875,1.7735445,73.87597
1500,false,8.308875,1.6243583,69.09558
1500,false,8.308875,1.7351437,71.1734
1500,false,8.308875,1.626318,69.36298
1500,false,8.308875,1.6232661,69.00465
1500,false,8.308875,1.6246564,69.39716
1500,false,8.535023,1.6228667,69.13495
1500,false,8.535023,1.6597472,70.156624
1500,false,8.535023,1.6880779,70.75653
1500,false,8.535023,1.6705813,70.37281
1500,false,8.535023,1.6599454,70.110115
1500,false,8.535023,1.8214592,72.16254
1500,false,8.535023,1.9005772,76.83227
1500,false,8.535023,1.6974926,71.7113
1500,false,8.535023,1.6671858,70.27912
1500,false,8.535023,1.6933248,70.65461
1500,false,8.324877,1.6663077,70.31409
1500,false,8.324877,1.6444159,69.34962
1500,false,8.324877,1.6245883,69.137085
1500,false,8.324877,1.6445334,69.41273
1500,false,8.324877,1.6429313,69.48536
1500,false,8.324877,1.6244421,69.25959
1500,false,8.324877,1.6239696,69.24841
1500,false,8.324877,1.6320527,69.30781
1500,false,8.324877,1.680078,69.917915
1500,false,8.324877,1.6308289,69.17249
1500,false,8.126654,1.6417366,69.35725
1500,false,8.126654,1.6246309,69.12934
1500,false,8.126654,1.625591,69.29243
1500,false,8.126654,1.6238439,69.11103
1500,false,8.126654,1.6245292,69.23249
1500,false,8.126654,1.6340003,69.08026
1500,false,8.126654,1.6289964,69.83704
1500,false,8.126654,1.662576,69.62933
1500,false,8.126654,1.631897,69.34382
1500,false,8.126654,1.6262083,69.49195
1500,false,8.315758,1.633582,69.40912
1500,false,8.315758,1.6253977,69.28168
1500,false,8.315758,1.6250875,69.190315
1500,false,8.315758,1.6355884,70.129456
1500,false,8.315758,1.6610575,69.808235
1500,false,8.315758,1.6607187,69.80048
1500,false,8.315758,1.6231785,69.25135
1500,false,8.315758,1.6242883,69.44874
1500,false,8.315758,1.6405101,69.71406
1500,false,8.315758,1.6233975,69.09339
1500,false,8.13377,1.6241086,69.32752
1500,false,8.13377,1.624363,69.26411
1500,false,8.13377,1.6241987,69.28443
1500,false,8.13377,1.633255,69.27961
1500,false,8.13377,1.628025,69.54432
1500,false,8.13377,1.6221454,69.296394
1500,false,8.13377,1.6598488,69.818726
1500,false,8.13377,1.6237124,69.231514
1500,false,8.13377,1.6397924,69.670235
1500,false,8.13377,1.6236782,69.09217
1500,false,7.957423,1.6234524,69.29419
1500,false,7.957423,1.6334491,69.54846
1500,false,7.957423,1.641577,69.76203
1500,false,7.957423,1.6253724,69.353035
1500,false,7.957423,1.6417058,69.38281
1500,false,7.957423,1.6252038,69.28437
1500,false,7.957423,1.6624353,69.82117
1500,false,7.957423,1.6398296,69.64521
1500,false,7.957423,1.6232347,69.20392
1500,false,7.957423,1.6436646,69.61023
1500,false,8.129243,1.6866155,70.174805
1500,false,8.129243,1.7000256,70.27155
1500,false,8.129243,1.6307669,69.68488
1500,false,8.129243,1.6237284,69.40351
1500,false,8.129243,1.6327983,69.33899
1500,false,8.129243,1.6236848,69.449104
1500,false,8.129243,1.6235056,69.208626
1500,false,8.129243,1.6247108,69.263374
1500,false,8.129243,1.6332551,69.38587
1500,false,8.129243,1.6806285,70.701904
1500,false,8.297394,1.6373775,69.636665
1500,false,8.297394,1.6737218,70.209045
1500,false,8.297394,1.650786,69.67297
1500,false,8.297394,1.8342271,72.441765
1500,false,8.297394,1.6250398,69.11048
1500,false,8.297394,1.6427479,69.610176
1500,false,8.297394,1.6246687,69.2768
1500,false,8.297394,1.6229423,69.38587
1500,false,8.297394,1.6422117,69.54365
1500,false,8.297394,1.6312921,69.29261
1500,false,8.13224,1.6376774,69.674385
1500,false,8.13224,1.6253033,69.45167
1500,false,8.13224,1.6425269,69.55067
1500,false,8.13224,1.6227984,69.23725
1500,false,8.13224,1.6331451,69.41406
1500,false,8.13224,1.6341342,69.41248
1500,false,8.13224,1.6246326,69.18116
1500,false,8.13224,1.6246607,69.26893
1500,false,8.13224,1.6374881,69.864624
1500,false,8.13224,1.6304154,69.20417
1500,false,7.9695525,1.6526442,69.8191
500,true,7.9695525,0.09318816,2.691766
500,true,7.9695525,0.09252562,2.706536
500,true,7.9695525,0.09269085,2.700432
500,true,7.9695525,0.092354074,2.701592
500,true,7.9695525,0.092578754,2.688409
500,true,7.9695525,0.09267572,2.702874
500,true,7.9695525,0.09284448,2.700127
500,true,7.9695525,0.09261711,2.690179
500,true,7.9695525,0.09245245,2.679558
500,true,7.8089027,0.09262217,2.707269
500,true,7.8089027,0.09193238,2.678155
500,true,7.8089027,0.09255613,2.700921
500,true,7.8089027,0.09311149,2.704277
500,true,7.8089027,0.09198588,2.671624
500,true,7.8089027,0.092567936,2.702142
500,true,7.8089027,0.09208389,2.657647
500,true,7.8089027,0.09204853,2.702508
500,true,7.8089027,0.09231854,2.677056
500,true,7.8089027,0.092388846,2.687554
500,true,7.649946,0.09272571,2.71148
500,true,7.649946,0.09252726,2.680779
500,true,7.649946,0.09232436,2.68261
500,true,7.649946,0.092414424,2.66961
500,true,7.649946,0.09220894,2.696221
500,true,7.649946,0.09219582,2.682733
500,true,7.649946,0.09241562,2.686211
500,true,7.649946,0.09211117,2.676202
500,true,7.649946,0.09266331,2.681694
500,true,7.649946,0.09257991,2.702997
500,true,15.649946,0.09191913,2.663628
500,true,15.649946,0.04721545,2.105097
500,true,15.649946,0.048107777,2.075007
500,true,15.649946,0.04730969,2.123957
500,true,15.649946,0.04738149,2.101679
500,true,15.649946,0.047388073,2.085871
500,true,15.649946,0.04736461,2.093806
500,true,15.649946,0.047378454,2.076044
500,true,15.649946,0.04729888,2.118708
500,true,15.649946,0.047418505,2.100032
500,true,16,0.047415394,2.09234
500,true,16,0.04742384,2.097773
500,true,16,0.047359236,2.095088
500,true,16,0.04735418,2.087153
500,true,16,0.04720095,2.079462
500,true,16,0.047237586,2.063838
500,true,16,0.04737386,2.081232
500,true,16,0.0471791,2.083491
500,true,16,0.0473348,2.086848
500,true,16,0.04742881,2.120051
500,true,16,0.047305975,2.098566
500,true,16,0.047223356,2.091364
500,true,16,0.047571443,2.084406
500,true,16,0.04727742,2.078792
500,true,16,0.04740556,2.111017
500,true,16,0.04729292,2.089594
500,true,16,0.047385298,2.106806
500,true,16,0.047326192,2.081782
500,true,16,0.047364622,2.115901
500,true,16,0.04752691,2.088007
500,true,14.271999,0.047401372,2.11352
500,true,14.271999,0.049534712,2.138605
500,true,14.271999,0.049333207,2.13885
500,true,14.271999,0.049305525,2.175775
500,true,14.271999,0.049287055,2.128779
500,true,14.271999,0.049236413,2.132075
500,true,14.271999,0.049345233,2.157709
500,true,14.271999,0.04930094,2.131709
500,true,14.271999,0.0492719,2.143854
500,true,14.271999,0.04935407,2.172236
500,true,15.3088,0.049531206,2.134516
500,true,15.3088,0.047989745,2.115045
500,true,15.3088,0.047905967,2.08343
500,true,15.3088,0.047959913,2.113886
500,true,15.3088,0.047844466,2.112544
500,true,15.3088,0.04795777,2.100153
500,true,15.3088,0.04782569,2.108332
500,true,15.3088,0.047884904,2.111506
500,true,15.3088,0.04788328,2.118769
500,true,15.3088,0.04794083,2.099543
500,true,15.93088,0.047849473,2.109003
500,true,15.93088,0.04720562,2.095454
500,true,15.93088,0.04726197,2.081538
500,true,15.93088,0.04719178,2.1112
500,true,15.93088,0.047271505,2.092951
500,true,15.93088,0.04741103,2.110163
500,true,15.93088,0.047350504,2.095271
500,true,15.93088,0.047411416,2.077814
500,true,15.93088,0.047354013,2.110225
500,true,15.93088,0.04737328,2.086176
500,true,16,0.047483888,2.084345
500,true,16,0.047497064,2.12768
500,true,16,0.04714777,2.079157
500,true,16,0.0473349,2.109919
500,true,16,0.04729347,2.091853
500,true,16,0.047350314,2.07226
500,true,16,0.047291014,2.116145
500,true,16,0.047324505,2.08874
500,true,16,0.047479015,2.094293
500,true,16,0.047280353,2.113093
500,true,15.667932,0.047579695,2.105525
500,true,15.667932,0.04739896,2.097956
500,true,15.667932,0.04733108,2.083551
500,true,15.667932,0.047269,2.046992
500,true,15.667932,0.047282163,2.125727
500,true,15.667932,0.047321077,2.099421
500,true,15.667932,0.047279663,2.06872
500,true,15.667932,0.047360636,2.127802
500,true,15.667932,0.04729024,2.088618
500,true,15.667932,0.0474405,2.101801
500,true,15.38701,0.04720282,2.092952
500,true,15.38701,0.04792704,2.101129
500,true,15.38701,0.04791508,2.112605
500,true,15.38701,0.047799382,2.077509
500,true,15.38701,0.04787504,2.156855
500,true,15.38701,0.047901172,2.11529
500,true,15.38701,0.0478973,2.079035
500,true,15.38701,0.047927395,2.122248
500,true,15.38701,0.047820423,2.103572
500,true,15.38701,0.04788577,2.118097
500,true,15.63541,0.048122928,2.152888
500,true,15.63541,0.047323298,2.08526
500,true,15.63541,0.047431007,2.096064
500,true,15.63541,0.04727824,2.107539
500,true,15.63541,0.047344755,2.09405
500,true,15.63541,0.047324575,2.075983
500,true,15.63541,0.047391217,2.128535
500,true,15.63541,0.04737432,2.089594
500,true,15.63541,0.04746352,2.083552
500,true,15.63541,0.047439426,2.121882
500,true,15.861558,0.04737217,2.074762
500,true,15.861558,0.047226638,2.108943
500,true,15.861558,0.04740432,2.08697
500,true,15.861558,0.0475706,2.136225
500,true,15.861558,0.047357857,2.087091
500,true,15.861558,0.04730333,2.124873
500,true,15.861558,0.04735312,2.095698
500,true,15.861558,0.04736352,2.101496
500,true,15.861558,0.04739575,2.097956
500,true,15.861558,0.047270898,2.072382
500,true,15.651412,0.04726495,2.090388
500,true,15.651412,0.04737857,2.118769
500,true,15.651412,0.04738316,2.086176
500,true,15.651412,0.047210567,2.080561
500,true,15.651412,0.04730121,2.122798
500,true,15.651412,0.04738989,2.086115
500,true,15.651412,0.04720508,2.082209
500,true,15.651412,0.047347367,2.103632
500,true,15.651412,0.04745571,2.116145
500,true,15.651412,0.047524408,2.095453
500,true,15.453189,0.047456324,2.093379
500,true,15.453189,0.047845133,2.088678
500,true,15.453189,0.0478826,2.085933
500,true,15.453189,0.047980256,2.120539
500,true,15.453189,0.04808691,2.135553
500,true,15.453189,0.0479083,2.084345
500,true,15.453189,0.04798611,2.147395
500,true,15.453189,0.04804119,2.113886
500,true,15.453189,0.0478563,2.089533
500,true,15.453189,0.047875233,2.102717
500,true,15.642293,0.047888625,2.133051
500,true,15.642293,0.047387917,2.081111
500,true,15.642293,0.047248714,2.116083
500,true,15.642293,0.04722834,2.081416
500,true,15.642293,0.047272496,2.097651
500,true,15.642293,0.04728524,2.116693
500,true,15.642293,0.047313355,2.0852
500,true,15.642293,0.04749712,2.105402
500,true,15.642293,0.0472528,2.097041
500,true,15.642293,0.04732025,2.084956
500,true,15.824281,0.047306247,2.117182
500,true,15.824281,0.047223356,2.080805
500,true,15.824281,0.04730245,2.090876
500,true,15.824281,0.047489043,2.098017
500,true,15.824281,0.04736048,2.083491
500,true,15.824281,0.047366593,2.109125
500,true,15.824281,0.04747764,2.09289
500,true,15.824281,0.047276523,2.107661
500,true,15.824281,0.047325335,2.091853
500,true,15.824281,0.047228824,2.089777
500,true,15.647934,0.047406256,2.111567
500,true,15.647934,0.047295216,2.088068
500,true,15.647934,0.047272705,2.089045
500,true,15.647934,0.04732072,2.114375
500,true,15.647934,0.04730327,2.092768
500,true,15.647934,0.0472863,2.108698
500,true,15.647934,0.047301453,2.110529
500,true,15.647934,0.047289252,2.106684
500,true,15.647934,0.047408603,2.098506
500,true,15.647934,0.047490384,2.122126
500,true,15.819754,0.047333334,2.096002
500,true,15.819754,0.047336884,2.088557
500,true,15.819754,0.047443893,2.11468
500,true,15.819754,0.047385182,2.073115
500,true,15.819754,0.047450077,2.130915
500,true,15.819754,0.04745455,2.069269
500,true,15.819754,0.04729988,2.12768
500,true,15.819754,0.047235664,2.080683
500,true,15.819754,0.04743733,2.078242
500,true,15.819754,0.047276296,2.113337
500,true,15.987905,0.04724668,2.085932
750,true,15.987905,0.15465832,6.953352
750,true,15.987905,0.15419377,6.96806
750,true,15.987905,0.15369402,6.921552
750,true,15.987905,0.15393949,6.988264
750,true,15.987905,0.15429634,6.949506
750,true,15.987905,0.15484148,6.952131
750,true,15.987905,0.15481164,6.944074
750,true,15.987905,0.15356214,6.950238
750,true,15.987905,0.15382005,6.964643
750,true,7.9879045,0.15491904,7.00401
750,true,7.9879045,0.30651167,10.037755
750,true,7.9879045,0.3072617,9.500098
750,true,7.9879045,0.30542153,8.915505
750,true,7.9879045,0.30755508,9.859411
750,true,7.9879045,0.30466744,9.809117
750,true,7.9879045,0.30386576,8.93644
750,true,7.9879045,0.30413184,8.856728
750,true,7.9879045,0.3039324,8.862648
750,true,7.9879045,0.30325505,8.822182
750,true,12.787905,0.30461255,8.880776
750,true,12.787905,0.1650715,7.218609
750,true,12.787905,0.16484925,7.232342
750,true,12.787905,0.16601953,7.231854
750,true,12.787905,0.16615069,7.255536
750,true,12.787905,0.16552466,7.232587
750,true,12.787905,0.1645836,7.198101
750,true,12.787905,0.16600966,7.276288
750,true,12.787905,0.16551271,7.232159
750,true,12.787905,0.1658175,7.225262
750,true,15.667905,0.16581,7.248029
750,true,15.667905,0.15353517,6.94798
750,true,15.667905,0.1546025,6.966901
750,true,15.667905,0.1535334,6.949994
750,true,15.667905,0.1544808,6.973676
750,true,15.667905,0.1554312,6.983503
750,true,15.667905,0.15445015,6.966779
750,true,15.667905,0.15391955,6.960859
750,true,15.667905,0.15352109,6.936566
750,true,15.667905,0.15392518,6.947309
750,true,16,0.1546505,6.926679
750,true,16,0.1549874,6.947553
750,true,16,0.15449062,6.997907
750,true,16,0.1538459,6.938825
750,true,16,0.15418603,6.963056
750,true,16,0.15500021,6.912336
750,true,16,0.15374576,6.966108
750,true,16,0.15472162,6.974713
750,true,16,0.15397568,6.915693
750,true,16,0.15433477,6.973737
750,true,16,0.15425271,6.960248
750,true,16,0.15400603,6.942732
750,true,16,0.15399893,6.94267
750,true,16,0.15404977,6.918195
750,true,16,0.15336229,6.931012
750,true,16,0.15472384,6.991804
750,true,16,0.15393639,6.958905
750,true,16,0.16067402,7.116864
750,true,16,0.15451084,6.951765
750,true,16,0.15442234,6.984967
750,true,15.37792,0.15419571,6.946272
750,true,15.37792,0.15771942,7.019391
750,true,15.37792,0.15888262,7.013043
750,true,15.37792,0.15871781,7.059247
750,true,15.37792,0.15786698,7.021589
750,true,15.37792,0.15754114,7.020002
750,true,15.37792,0.15740135,6.995587
750,true,15.37792,0.15812954,7.035382
750,true,15.37792,0.15773585,7.010725
750,true,15.37792,0.15753247,6.991254
750,true,15.800506,0.15774693,7.040143
750,true,15.800506,0.15409988,6.963727
750,true,15.800506,0.15443856,6.931501
750,true,15.800506,0.15445265,6.969159
750,true,15.800506,0.15496013,6.957868
750,true,15.800506,0.15324476,6.915449
750,true,15.800506,0.15382372,6.984601
750,true,15.800506,0.15509297,6.943159
750,true,15.800506,0.15329853,6.936505
750,true,15.800506,0.1544278,6.952375
750,true,16,0.15372886,6.929608
750,true,16,0.15453778,6.931013
750,true,16,0.15334645,6.937177
750,true,16,0.16354978,7.512066
750,true,16,0.16225235,7.481975
750,true,16,0.15732288,7.044416
750,true,16,0.1543587,6.968854
750,true,16,0.15462354,6.94505
750,true,16,0.15486237,6.979902
750,true,16,0.15488335,6.970136
750,true,15.719078,0.15304369,6.913007
750,true,15.719078,0.15311801,6.909528
750,true,15.719078,0.15436558,6.957929
750,true,15.719078,0.15400667,6.918989
750,true,15.719078,0.15422192,6.976178
750,true,15.719078,0.15399313,6.939436
750,true,15.719078,0.15447177,6.968427
750,true,15.719078,0.15444867,6.937482
750,true,15.719078,0.15330566,6.938153
750,true,15.719078,0.15499257,6.980695
750,true,15.470677,0.15475035,6.959638
750,true,15.470677,0.15817289,7.022749
750,true,15.470677,0.15855642,7.036114
750,true,15.470677,0.15911117,7.057172
750,true,15.470677,0.15810476,7.013349
750,true,15.470677,0.15791963,7.031476
750,true,15.470677,0.15864486,7.049237
750,true,15.470677,0.15786438,7.007185
750,true,15.470677,0.15779616,7.01933
750,true,15.470677,0.15728521,6.985944
750,true,15.696825,0.15798572,7.007123
750,true,15.696825,0.15372533,6.956952
750,true,15.696825,0.15463008,6.9727
750,true,15.696825,0.15394461,6.918256
750,true,15.696825,0.15449454,6.988447
750,true,15.696825,0.1545656,6.972272
750,true,15.696825,0.1546214,6.959149
750,true,15.696825,0.15433371,6.967756
750,true,15.696825,0.1539082,6.909772
750,true,15.696825,0.15522376,7.023176
750,true,15.906971,0.15430026,6.93498
750,true,15.906971,0.15376471,6.934186
750,true,15.906971,0.1550475,7.009748
750,true,15.906971,0.15374781,6.92552
750,true,15.906971,0.15396066,6.962018
750,true,15.906971,0.15440653,6.945661
750,true,15.906971,0.15397573,6.922406
750,true,15.906971,0.15410721,6.973615
750,true,15.906971,0.15455845,6.974165
750,true,15.906971,0.1544408,6.957684
750,true,16,0.1553005,7.016828
750,true,16,0.15460348,6.941572
750,true,16,0.1551202,7.036054
750,true,16,0.15491106,6.96922
750,true,16,0.15470429,6.964094
750,true,16,0.15547526,7.027325
750,true,16,0.15555072,7.037031
750,true,16,0.1558119,7.053143
750,true,16,0.15469584,6.973554
750,true,16,0.1536226,6.951276
750,true,15.810896,0.15385427,6.928022
750,true,15.810896,0.15417264,6.972333
750,true,15.810896,0.15439638,6.951765
750,true,15.810896,0.15498725,6.970746
750,true,15.810896,0.15316166,6.942182
750,true,15.810896,0.15426722,6.940473
750,true,15.810896,0.15370387,6.956769
750,true,15.810896,0.15434584,6.960249
750,true,15.810896,0.1527884,6.923871
750,true,15.810896,0.15480573,6.975324
750,true,15.628908,0.15292005,6.920698
750,true,15.628908,0.15472427,6.964886
750,true,15.628908,0.15501638,6.956037
750,true,15.628908,0.15450752,6.970075
750,true,15.628908,0.15470733,6.970869
750,true,15.628908,0.15384981,6.950971
750,true,15.628908,0.15373076,6.928021
750,true,15.628908,0.1540086,6.955793
750,true,15.628908,0.1543956,7.004987
750,true,15.628908,0.1531934,6.93382
750,true,15.805255,0.15412013,6.950361
750,true,15.805255,0.15491524,6.966901
750,true,15.805255,0.15452005,6.994855
750,true,15.805255,0.15519603,6.964277
750,true,15.805255,0.15515867,6.987958
750,true,15.805255,0.1534345,6.924543
750,true,15.805255,0.1539688,6.968427
750,true,15.805255,0.15410154,6.965985
750,true,15.805255,0.15375233,6.930708
750,true,15.805255,0.1540912,6.972882
750,true,15.977075,0.15417936,6.953046
750,true,15.977075,0.15336077,6.935835
750,true,15.977075,0.15352517,6.924115
750,true,15.977075,0.15433414,6.988081
750,true,15.977075,0.15458938,6.977277
750,true,15.977075,0.15375356,6.962872
750,true,15.977075,0.15483214,6.958906
750,true,15.977075,0.15496783,7.001081
750,true,15.977075,0.1535739,6.925641
750,true,15.977075,0.15515813,6.994489
750,true,15.808924,0.1534809,6.961408
750,true,15.808924,0.15424612,6.948224
750,true,15.808924,0.1543193,6.979902
750,true,15.808924,0.15497892,6.99339
750,true,15.808924,0.15403411,6.947126
750,true,15.808924,0.15397961,6.966169
750,true,15.808924,0.15388241,6.954938
750,true,15.808924,0.15412404,6.924909
750,true,15.808924,0.15358604,6.979108
750,true,15.808924,0.15445167,6.982038
750,true,15.974077,0.1543987,6.96861
750,true,15.974077,0.15499234,6.971051
750,true,15.974077,0.15452816,7.002546
750,true,15.974077,0.15401995,6.946637
750,true,15.974077,0.15342388,6.917829
750,true,15.974077,0.15500976,7.017011
750,true,15.974077,0.15330954,6.956648
750,true,15.974077,0.15557921,7.003339
750,true,15.974077,0.1548425,6.981183
750,true,15.974077,0.15555361,7.017804
750,true,16,0.15325628,6.931135
1000,true,16,0.42365924,18.90376
1000,true,16,0.41572866,18.457533
1000,true,16,0.4130776,18.32704
1000,true,16,0.4129008,18.350904
1000,true,16,0.4141749,18.429947
1000,true,16,0.4135721,18.364393
1000,true,16,0.4137068,18.364271
1000,true,16,0.41389722,18.434584
1000,true,16,0.4157761,18.408096
1000,true,8,0.41216475,18.27046
1000,true,8,0.83540225,23.680176
1000,true,8,0.8243597,23.488588
1000,true,8,0.82808983,23.461916
1000,true,8,0.8288692,23.50525
1000,true,8,0.8229305,23.426147
1000,true,8,0.8246527,23.422792
1000,true,8,0.8226496,23.435793
1000,true,8,0.8259548,23.487185
1000,true,8,0.8226493,23.410828
1000,true,12.8,0.8225612,23.408876
1000,true,12.8,0.42338496,18.431473
1000,true,12.8,0.42504686,18.516554
1000,true,12.8,0.42608762,18.675306
1000,true,12.8,0.42474833,18.558546
1000,true,12.8,0.4258383,18.585768
1000,true,12.8,0.424371,18.52864
1000,true,12.8,0.42482823,18.539688
1000,true,12.8,0.4240724,18.545609
1000,true,12.8,0.42501244,18.606764
1000,true,15.68,0.42548785,18.593216
1000,true,15.68,0.4174983,18.334913
1000,true,15.68,0.41219744,18.212294
1000,true,15.68,0.41410598,18.249588
1000,true,15.68,0.41420782,18.280472
1000,true,15.68,0.41261852,18.206373
1000,true,15.68,0.41254967,18.233719
1000,true,15.68,0.41711769,18.310255
1000,true,15.68,0.41506785,18.255875
1000,true,15.68,0.41284522,18.254957
1000,true,16,0.41522166,18.296461
1000,true,16,0.4134801,18.268873
1000,true,16,0.41589496,18.290358
1000,true,16,0.4124647,18.2267
1000,true,16,0.4128994,18.20906
1000,true,16,0.41263983,18.201736
1000,true,16,0.41430598,18.270216
1000,true,16,0.41303742,18.247084
1000,true,16,0.4282362,18.933365
1000,true,16,0.45226297,20.225716
1000,true,16,0.45984912,20.319588
1000,true,16,0.47615677,20.395027
1000,true,16,0.43532076,19.834787
1000,true,16,0.43592316,19.613108
1000,true,16,0.4338841,19.606152
1000,true,16,0.4336028,19.519176
1000,true,16,0.42370632,18.961073
1000,true,16,0.43014964,19.292189
1000,true,16,0.41494605,18.281815
1000,true,16,0.41410407,18.337172
1000,true,15.37792,0.41591966,18.415113
1000,true,15.37792,0.41656327,18.327347
1000,true,15.37792,0.4228923,18.63368
1000,true,15.37792,0.4211232,18.466932
1000,true,15.37792,0.4180587,18.322523
1000,true,15.37792,0.4163952,18.260633
1000,true,15.37792,0.4178665,18.33998
1000,true,15.37792,0.4164017,18.269484
1000,true,15.37792,0.4163812,18.289991
1000,true,15.37792,0.41732365,18.33284
1000,true,14.955335,0.41786438,18.303236
1000,true,14.955335,0.41794476,18.348524
1000,true,14.955335,0.4165501,18.274183
1000,true,14.955335,0.41705623,18.30989
1000,true,14.955335,0.4164461,18.303604
1000,true,14.955335,0.4169592,18.283155
1000,true,14.955335,0.41914582,18.385208
1000,true,14.955335,0.4455255,18.63594
1000,true,14.955335,0.41766128,18.444471
1000,true,14.955335,0.41601947,18.244095
1000,true,14.623266,0.4157499,18.282545
1000,true,14.623266,0.41781965,18.325026
1000,true,14.623266,0.4185635,18.333572
1000,true,14.623266,0.41631675,18.281996
1000,true,14.623266,0.41660506,18.349806
1000,true,14.623266,0.41744214,18.310621
1000,true,14.623266,0.42131424,18.373976
1000,true,14.623266,0.41830245,18.329176
1000,true,14.623266,0.41624704,18.297867
1000,true,14.623266,0.4176581,18.365372
1000,true,14.904188,0.4173833,18.313917
1000,true,14.904188,0.4320734,19.288158
1000,true,14.904188,0.41874978,18.498672
1000,true,14.904188,0.41611052,18.255997
1000,true,14.904188,0.4155494,18.282059
1000,true,14.904188,0.41684484,18.302689
1000,true,14.904188,0.41709414,18.288528
1000,true,14.904188,0.4171853,18.306595
1000,true,14.904188,0.41678518,18.284132
1000,true,14.904188,0.41537213,18.277601
1000,true,15.152589,0.41547394,18.270096
1000,true,15.152589,0.42022273,18.42488
1000,true,15.152589,0.41765106,18.36
1000,true,15.152589,0.41980287,18.378675
1000,true,15.152589,0.4163926,18.29402
1000,true,15.152589,0.4196096,18.394484
1000,true,15.152589,0.41848123,18.394972
1000,true,15.152589,0.41654587,18.270035
1000,true,15.152589,0.4170166,18.367508
1000,true,15.152589,0.41784748,18.38838
1000,true,14.926441,0.4203592,18.426588
1000,true,14.926441,0.4165173,18.306412
1000,true,14.926441,0.4158005,18.269361
1000,true,14.926441,0.41630068,18.314528
1000,true,14.926441,0.41709068,18.324232
1000,true,14.926441,0.41702282,18.338207
1000,true,14.926441,0.41719997,18.386915
1000,true,14.926441,0.41657454,18.321426
1000,true,14.926441,0.41691247,18.350784
1000,true,14.926441,0.41838276,18.326307
1000,true,14.716295,0.41722986,18.34767
1000,true,14.716295,0.4171084,18.33638
1000,true,14.716295,0.41690752,18.318008
1000,true,14.716295,0.4192691,18.37892
1000,true,14.716295,0.41879624,18.388016
1000,true,14.716295,0.41719148,18.352858
1000,true,14.716295,0.41773123,18.45497
1000,true,14.716295,0.41658306,18.317764
1000,true,14.716295,0.41629648,18.305496
1000,true,14.716295,0.41762888,18.342728
1000,true,14.914518,0.4181557,18.340528
1000,true,14.914518,0.41695523,18.340528
1000,true,14.914518,0.41823354,18.376236
1000,true,14.914518,0.4155908,18.292006
1000,true,14.914518,0.42336679,18.874523
1000,true,14.914518,0.4178426,18.365433
1000,true,14.914518,0.41978073,18.400587
1000,true,14.914518,0.416239,18.34059
1000,true,14.914518,0.4160577,18.310135
1000,true,14.914518,0.41824666,18.365553
1000,true,14.725414,0.41661417,18.328506
1000,true,14.725414,0.4169536,18.334423
1000,true,14.725414,0.417359,18.367872
1000,true,14.725414,0.41804445,18.355484
1000,true,14.725414,0.41668835,18.354445
1000,true,14.725414,0.41649923,18.34114
1000,true,14.725414,0.41747048,18.470228
1000,true,14.725414,0.4171389,18.374342
1000,true,14.725414,0.41712213,18.345228
1000,true,14.725414,0.41762033,18.377823
1000,true,14.907402,0.41930306,18.40376
1000,true,14.907402,0.41789526,18.366285
1000,true,14.907402,0.41663924,18.338148
1000,true,14.907402,0.41894832,18.409315
1000,true,14.907402,0.41717526,18.363722
1000,true,14.907402,0.41616884,18.305008
1000,true,14.907402,0.42002532,18.441116
1000,true,14.907402,0.417316,18.339796
1000,true,14.907402,0.4183258,18.405165
1000,true,14.907402,0.41657138,18.328995
1000,true,14.731055,0.41855767,18.406263
1000,true,14.731055,0.4157793,18.31404
1000,true,14.731055,0.4190546,18.398268
1000,true,14.731055,0.44536206,18.717236
1000,true,14.731055,0.4156374,18.315323
1000,true,14.731055,0.41682848,18.35829
1000,true,14.731055,0.41701597,18.364029
1000,true,14.731055,0.41530573,18.296219
1000,true,14.731055,0.41759247,18.37544
1000,true,14.731055,0.4164913,18.336197
1000,true,14.559236,0.41682345,18.311417
1000,true,14.559236,0.41739473,18.363297
1000,true,14.559236,0.4164432,18.328932
1000,true,14.559236,0.41807142,18.421461
1000,true,14.559236,0.41769257,18.40254
1000,true,14.559236,0.41813937,18.43208
1000,true,14.559236,0.41826126,18.41957
1000,true,14.559236,0.4174142,18.401993
1000,true,14.559236,0.41760933,18.39125
1000,true,14.559236,0.4173549,18.384048
1000,true,14.727386,0.41682315,18.383436
1000,true,14.727386,0.41961873,18.438978
1000,true,14.727386,0.41786432,18.391739
1000,true,14.727386,0.4171863,18.396376
1000,true,14.727386,0.41894937,18.438065
1000,true,14.727386,0.4170605,18.353651
1000,true,14.727386,0.4167327,18.349684
1000,true,14.727386,0.4174213,18.376053
1000,true,14.727386,0.4162199,18.35054
1000,true,14.727386,0.41801932,18.425734
1000,true,14.89254,0.41867998,18.54158
1000,true,14.89254,0.41965565,18.474562
1000,true,14.89254,0.41948017,18.418776
1000,true,14.89254,0.41699788,18.362318
1000,true,14.89254,0.4173091,18.393751
1000,true,14.89254,0.41650227,18.367508
1000,true,14.89254,0.4165183,18.340956
1000,true,14.89254,0.41876188,18.409073
1000,true,14.89254,0.41754663,18.38954
1000,true,14.89254,0.4166448,18.344559
1000,true,14.729852,0.4172015,18.428907
1250,true,14.729852,0.94489986,40.62874
1250,true,14.729852,0.9456003,40.651264
1250,true,14.729852,0.9555619,41.20424
1250,true,14.729852,0.94433135,40.553303
1250,true,14.729852,0.94552577,40.666096
1250,true,14.729852,0.94419694,40.62105
1250,true,14.729852,0.9451345,40.585224
1250,true,14.729852,0.94598347,40.694416
1250,true,14.729852,0.94580036,40.66756
1250,true,6.7298517,0.94480777,40.627583
1250,true,6.7298517,1.8795903,52.403797
1250,true,6.7298517,1.8762448,52.092884
1250,true,6.7298517,1.905894,53.56584
1250,true,6.7298517,1.8851726,52.45824
1250,true,6.7298517,1.8736746,52.089954
1250,true,6.7298517,1.865922,51.894825
1250,true,6.7298517,1.8745971,51.936638
1250,true,6.7298517,1.8770566,52.0078
1250,true,6.7298517,1.8786881,51.982777
1250,true,11.529852,1.8638086,51.801872
1250,true,11.529852,0.9154308,38.814415
1250,true,11.529852,0.9133455,38.84658
1250,true,11.529852,0.9155132,38.87893
1250,true,11.529852,0.9163779,38.935143
1250,true,11.529852,0.9270938,39.966145
1250,true,11.529852,0.9726107,42.511
1250,true,11.529852,0.9095864,38.840965
1250,true,11.529852,0.91657674,38.947716
1250,true,11.529852,0.9309272,39.136986
1250,true,14.409852,0.9187988,38.99038
1250,true,14.409852,0.9298293,39.775043
1250,true,14.409852,0.9331754,39.846333
1250,true,14.409852,0.9306355,39.750145
1250,true,14.409852,0.92880684,39.675068
1250,true,14.409852,0.9299651,39.808735
1250,true,14.409852,0.9332367,40.00594
1250,true,14.409852,0.92338747,39.657063
1250,true,14.409852,0.9293978,39.687946
1250,true,14.409852,0.92948174,39.768147
1250,true,12.681852,0.93002343,39.76845
1250,true,12.681852,0.91626745,39.269493
1250,true,12.681852,0.91853786,39.348896
1250,true,12.681852,0.9168846,39.25869
1250,true,12.681852,0.91769767,39.29989
1250,true,12.681852,0.9178534,39.313496
1250,true,12.681852,0.9174433,39.29555
1250,true,12.681852,0.9173641,39.33376
1250,true,12.681852,0.92393464,39.414387
1250,true,12.681852,0.9166925,39.28872
1250,true,11.645052,0.92865187,39.44814
1250,true,11.645052,0.9161346,38.93374
1250,true,11.645052,0.91848254,39.068504
1250,true,11.645052,0.9188864,39.004784
1250,true,11.645052,0.9157451,38.98501
1250,true,11.645052,0.9100376,38.938988
1250,true,11.645052,0.9181819,39.03023
1250,true,11.645052,0.9329993,39.52755
1250,true,11.645052,0.9179556,39.04757
1250,true,11.645052,0.9044355,38.855125
1250,true,11.022972,0.9047062,38.881798
1250,true,11.022972,1.0462683,41.01912
1250,true,11.022972,1.0492028,40.927937
1250,true,11.022972,1.0465918,40.80196
1250,true,11.022972,1.0432864,40.86696
1250,true,11.022972,1.0475715,40.945576
1250,true,11.022972,1.0450128,40.92989
1250,true,11.022972,1.0484228,40.944534
1250,true,11.022972,1.3983909,45.232918
1250,true,11.022972,1.0566748,41.8069
1250,true,11.445558,1.0463594,40.839615
1250,true,11.445558,1.0434654,40.800556
1250,true,11.445558,1.0501086,40.943806
1250,true,11.445558,1.04701,40.86458
1250,true,11.445558,1.0507861,40.990864
1250,true,11.445558,1.049306,40.79018
1250,true,11.445558,1.0452919,40.66939
1250,true,11.445558,1.0474372,40.877277
1250,true,11.445558,1.044676,40.856888
1250,true,11.445558,1.0481303,40.842728
1250,true,11.777626,1.0442849,40.70424
1250,true,11.777626,0.9181371,38.953087
1250,true,11.777626,0.9175695,38.99215
1250,true,11.777626,0.91992843,39.181786
1250,true,11.777626,0.9324664,39.233543
1250,true,11.777626,0.91182655,38.9974
1250,true,11.777626,0.91915005,39.052513
1250,true,11.777626,0.91988134,39.37685
1250,true,11.777626,0.9175786,39.048058
1250,true,11.777626,0.91533816,38.98067
1250,true,12.058548,0.9132464,38.944782
1250,true,12.058548,0.91905993,38.954124
1250,true,12.058548,0.92751485,39.1119
1250,true,12.058548,0.9304504,39.1661
1250,true,12.058548,0.9324034,39.204914
1250,true,12.058548,0.9311896,39.135216
1250,true,12.058548,0.91628236,38.9999
1250,true,12.058548,0.9034683,38.800743
1250,true,12.058548,0.93145406,39.19747
1250,true,12.058548,0.9097793,38.945885
1250,true,11.810147,0.9156398,39.137596
1250,true,11.810147,0.9139872,38.97628
1250,true,11.810147,0.9174082,39.05227
1250,true,11.810147,0.9335157,39.352745
1250,true,11.810147,0.9286187,39.17373
1250,true,11.810147,0.9032365,38.848778
1250,true,11.810147,0.90328926,38.82705
1250,true,11.810147,0.91460174,38.975
1250,true,11.810147,0.91841185,38.994957
1250,true,11.810147,0.92046344,39.217182
1250,true,11.584,0.90414375,38.860374
1250,true,11.584,0.9186506,39.1274
1250,true,11.584,0.93057144,39.237633
1250,true,11.584,0.90520984,38.96151
1250,true,11.584,0.91131365,38.97756
1250,true,11.584,0.91803426,39.06875
1250,true,11.584,0.9163065,39.04818
1250,true,11.584,0.9292043,39.21615
1250,true,11.584,0.90354127,38.86184
1250,true,11.584,0.904522,38.972923
1250,true,11.794146,0.9185686,39.309406
1250,true,11.794146,0.9145093,38.9963
1250,true,11.794146,0.9135536,38.98745
1250,true,11.794146,0.9300583,39.252464
1250,true,11.794146,0.9160307,39.052025
1250,true,11.794146,0.9318224,39.28725
1250,true,11.794146,0.9167759,39.06087
1250,true,11.794146,0.9144324,38.997948
1250,true,11.794146,0.91560864,39.03164
1250,true,11.794146,0.91668975,39.065327
1250,true,11.992369,0.91707706,39.06008
1250,true,11.992369,0.93220276,39.24874
1250,true,11.992369,0.9161225,39.08602
1250,true,11.992369,0.92249614,39.719807
1250,true,11.992369,0.92034984,39.311787
1250,true,11.992369,0.919311,39.122883
1250,true,11.992369,0.91828966,39.101646
1250,true,11.992369,0.9326108,39.25899
1250,true,11.992369,0.91225106,38.99227
1250,true,11.992369,0.91826236,39.044884
1250,true,11.803265,0.9325651,39.274494
1250,true,11.803265,0.9190634,39.11477
1250,true,11.803265,0.91770786,39.08071
1250,true,11.803265,0.91835535,39.086567
1250,true,11.803265,0.93150485,39.214684
1250,true,11.803265,0.9182667,38.998253
1250,true,11.803265,0.9107718,38.968956
1250,true,11.803265,0.93236375,39.247215
1250,true,11.803265,0.917315,39.094505
1250,true,11.803265,0.9104136,38.97835
1250,true,11.621277,0.9151197,39.01095
1250,true,11.621277,0.91816306,39.08895
1250,true,11.621277,0.91901916,39.405415
1250,true,11.621277,0.91610324,39.11776
1250,true,11.621277,0.91402626,39.09298
1250,true,11.621277,0.9233756,39.185997
1250,true,11.621277,0.91618204,39.019676
1250,true,11.621277,0.91664225,39.04714
1250,true,11.621277,0.9041259,38.88894
1250,true,11.621277,0.9157205,39.119225
1250,true,11.797624,0.9164321,39.155415
1250,true,11.797624,0.9171749,39.148705
1250,true,11.797624,0.9174629,39.08016
1250,true,11.797624,0.917099,39.086205
1250,true,11.797624,0.91314465,39.071007
1250,true,11.797624,0.9094839,39.102074
1250,true,11.797624,0.9306538,39.307823
1250,true,11.797624,0.90539974,38.932335
1250,true,11.797624,0.9183882,39.16738
1250,true,11.797624,0.9175472,39.1191
1250,true,11.625804,0.91796726,39.156574
1250,true,11.625804,0.916951,39.125446
1250,true,11.625804,0.9290025,39.20351
1250,true,11.625804,0.91803855,39.155785
1250,true,11.625804,0.91614234,39.12606
1250,true,11.625804,0.9170355,39.100975
1250,true,11.625804,0.91761297,39.128014
1250,true,11.625804,0.91762686,39.16897
1250,true,11.625804,0.9305989,39.26015
1250,true,11.625804,0.932458,39.34151
1250,true,11.793955,0.90312386,38.892414
1250,true,11.793955,0.9176087,39.12685
1250,true,11.793955,0.9144716,39.03945
1250,true,11.793955,0.9147951,39.037743
1250,true,11.793955,0.9310769,39.315697
1250,true,11.793955,0.9217699,39.678303
1250,true,11.793955,0.93182933,39.310326
1250,true,11.793955,0.97572553,42.90364
1250,true,11.793955,0.9205242,39.552025
1250,true,11.793955,0.91385055,38.989647
1250,true,11.628801,0.9145925,39.05477
1250,true,11.628801,0.90982276,39.007896
1250,true,11.628801,0.9107733,38.997215
1250,true,11.628801,0.9173164,39.145164
1250,true,11.628801,0.90349543,38.921288
1250,true,11.628801,0.9177762,39.1592
1250,true,11.628801,0.91734606,39.12972
1250,true,11.628801,0.9044062,38.962303
1250,true,11.628801,0.9242644,39.958454
1250,true,11.628801,0.9292146,39.77352
1250,true,11.466113,0.9175449,39.330463
1500,true,11.466113,2.131206,81.40177
1500,true,11.466113,2.1324646,81.40708
1500,true,11.466113,2.1300426,81.328766
1500,true,11.466113,2.1419327,81.484406
1500,true,11.466113,2.128912,81.24009
1500,true,11.466113,2.1302958,81.29972
1500,true,11.466113,2.1498115,81.416046
1500,true,11.466113,2.156036,81.87229
1500,true,11.466113,2.1306834,81.17771
1500,true,3.466113,2.1326787,81.24375
1500,true,3.466113,4.6093946,109.08578
1500,true,3.466113,4.6124487,107.67276
1500,true,3.466113,4.612468,108.27225
1500,true,3.466113,4.622014,109.773705
1500,true,3.466113,4.6473203,114.306656
1500,true,3.466113,6.854088,135.26077
1500,true,3.466113,6.868003,135.22745
1500,true,3.466113,6.8513503,134.06674
1500,true,3.466113,4.610058,106.77677
1500,true,8.266113,4.614405,106.87094
1500,true,8.266113,4.7447352,122.145004
1500,true,8.266113,4.7322206,121.5769
1500,true,8.266113,4.719906,121.163506
1500,true,8.266113,4.724208,121.26788
1500,true,8.266113,4.7258816,121.16979
1500,true,8.266113,4.716914,120.84155
1500,true,8.266113,4.7418966,121.65887
1500,true,8.266113,4.7336516,121.09405
1500,true,8.266113,4.741864,121.23743
1500,true,5.386113,4.7412367,121.93896
1500,true,5.386113,3.5502563,95.11133
1500,true,5.386113,3.735045,97.303215
1500,true,5.386113,3.7215185,96.92956
1500,true,5.386113,3.7856324,98.28423
1500,true,5.386113,3.883264,102.74089
1500,true,5.386113,3.8376074,98.56896
1500,true,5.386113,4.1498814,102.62852
1500,true,5.386113,3.8276098,98.360405
1500,true,5.386113,3.5542302,94.64099
1500,true,3.658113,4.139959,102.184975
1500,true,3.658113,3.37924,90.37599
1500,true,3.658113,3.3849802,90.27455
1500,true,3.658113,3.3811998,89.93763
1500,true,3.658113,3.393498,89.9659
1500,true,3.658113,3.3809726,90.54671
1500,true,3.658113,3.4222593,91.89863
1500,true,3.658113,3.3823059,90.490616
1500,true,3.658113,3.3811493,89.73958
1500,true,3.658113,3.3815491,89.63368
1500,true,2.6213129,3.38297,89.57741
1500,true,2.6213129,6.8307095,133.2568
1500,true,2.6213129,6.849395,133.0057
1500,true,2.6213129,4.6381955,105.80075
1500,true,2.6213129,4.611773,105.76072
1500,true,2.6213129,4.6135416,105.94632
1500,true,2.6213129,6.873516,133.50801
1500,true,2.6213129,4.608517,105.41947
1500,true,2.6213129,4.612873,105.63303
1500,true,2.6213129,4.6172943,106.29532
1500,true,3.243393,4.6123796,105.12443
1500,true,3.243393,4.6103272,105.03085
1500,true,3.243393,4.609381,105.12681
1500,true,3.243393,6.8432255,132.06851
1500,true,3.243393,6.87267,132.60538
1500,true,3.243393,6.8335776,132.3115
1500,true,3.243393,4.7543616,107.476654
1500,true,3.243393,5.277043,117.309326
1500,true,3.243393,4.609148,104.92252
1500,true,3.243393,6.8513646,132.01956
1500,true,2.8208072,4.6113873,104.85587
1500,true,2.8208072,4.6098228,104.87974
1500,true,2.8208072,4.627529,106.12656
1500,true,2.8208072,4.611974,105.05515
1500,true,2.8208072,6.846456,131.46133
1500,true,2.8208072,4.635998,105.242645
1500,true,2.8208072,4.609015,105.26676
1500,true,2.8208072,4.6131916,105.70462
1500,true,2.8208072,4.6653585,113.49561
1500,true,2.8208072,6.8316083,131.53995
1500,true,2.4887385,6.942952,136.91896
1500,true,2.4887385,7.304931,148.73656
1500,true,2.4887385,7.2548485,141.62111
1500,true,2.4887385,7.20378,137.39998
1500,true,2.4887385,7.203638,137.4634
1500,true,2.4887385,7.1996307,136.91707
1500,true,2.4887385,7.1996913,136.80202
1500,true,2.4887385,7.2275324,137.20332
1500,true,2.4887385,7.204908,136.43617
1500,true,2.4887385,7.203931,137.38354
1500,true,2.7696602,7.2032185,136.76546
1500,true,2.7696602,4.6313286,105.02439
1500,true,2.7696602,6.87487,134.06697
1500,true,2.7696602,6.831987,129.54129
1500,true,2.7696602,4.613107,104.70304
1500,true,2.7696602,6.826581,130.21573
1500,true,2.7696602,5.16817,110.94778
1500,true,2.7696602,4.608684,104.49522
1500,true,2.7696602,4.6124296,103.794655
1500,true,2.7696602,6.8401775,130.34
1500,true,3.018061,4.6095695,104.37064
1500,true,3.018061,4.6105757,103.33512
1500,true,3.018061,5.1674542,110.97555
1500,true,3.018061,4.609612,104.51652
1500,true,3.018061,4.6148605,104.352036
1500,true,3.018061,4.6110897,104.68192
1500,true,3.018061,6.8290777,130.11813
1500,true,3.018061,4.613496,104.43687
1500,true,3.018061,6.832081,130.01736
1500,true,3.018061,6.8439813,128.83426
1500,true,3.2442086,6.864363,131.28409
1500,true,3.2442086,6.833402,129.7078
1500,true,3.2442086,4.7519054,105.83157
1500,true,3.2442086,4.6099277,104.12608
1500,true,3.2442086,6.8348713,129.58188
1500,true,3.2442086,6.854018,129.15536
1500,true,3.2442086,6.825718,128.58774
1500,true,3.2442086,4.7545233,105.24326
1500,true,3.2442086,4.6214933,104.81376
1500,true,3.2442086,6.878318,131.71811
1500,true,3.034063,4.6158133,104.23362
1500,true,3.034063,4.609133,103.27274
1500,true,3.034063,4.610061,103.557236
1500,true,3.034063,4.749952,105.685036
1500,true,3.034063,4.610059,104.256874
1500,true,3.034063,4.6083913,104.25358
1500,true,3.034063,6.828405,128.59044
1500,true,3.034063,4.609977,103.99491
1500,true,3.034063,4.610954,104.49436
1500,true,3.034063,4.802288,113.721565
1500,true,2.8358397,4.6106052,104.02714
1500,true,2.8358397,4.6100116,103.84232
1500,true,2.8358397,4.620138,104.680336
1500,true,2.8358397,4.6167984,104.42899
1500,true,2.8358397,4.6089506,104.32207
1500,true,2.8358397,4.6145234,103.4083
1500,true,2.8358397,4.7517214,106.11789
1500,true,2.8358397,4.638487,103.91069
1500,true,2.8358397,4.6120634,104.09269
1500,true,2.8358397,4.610029,104.086464
1500,true,2.6467357,4.607802,104.29375
1500,true,2.6467357,4.6073794,103.68626
1500,true,2.6467357,5.168578,110.33376
1500,true,2.6467357,4.611795,104.306435
1500,true,2.6467357,4.6410117,104.25554
1500,true,2.6467357,4.6190386,106.2449
1500,true,2.6467357,4.609082,104.414894
1500,true,2.6467357,4.6115794,103.299965
1500,true,2.6467357,4.614063,103.768654
1500,true,2.6467357,5.1701226,111.10738
1500,true,2.8287232,4.6479573,107.79751
1500,true,2.8287232,6.8470454,129.26535
1500,true,2.8287232,4.611572,103.83439
1500,true,2.8287232,6.8496995,129.3508
1500,true,2.8287232,4.6465096,104.56333
1500,true,2.8287232,4.61298,104.04869
1500,true,2.8287232,6.8474746,129.90225
1500,true,2.8287232,4.60851,104.00468
1500,true,2.8287232,5.159526,110.04104
1500,true,2.8287232,4.6387568,104.50083
1500,true,2.6523764,4.644252,104.5427
1500,true,2.6523764,4.6083016,103.34275
1500,true,2.6523764,4.61259,103.75736
1500,true,2.6523764,6.8478174,128.67703
1500,true,2.6523764,6.8258834,128.09103
1500,true,2.6523764,4.6431103,104.75034
1500,true,2.6523764,6.823965,128.75432
1500,true,2.6523764,6.867031,129.99802
1500,true,2.6523764,6.833176,128.16783
1500,true,2.6523764,4.609837,103.52866
1500,true,2.824196,4.6120133,103.80961
1500,true,2.824196,4.6134515,103.71067
1500,true,2.824196,4.6384478,104.13981
1500,true,2.824196,4.6163883,104.491066
1500,true,2.824196,4.613443,103.610085
1500,true,2.824196,4.610396,103.55064
1500,true,2.824196,4.6080103,103.56107
1500,true,2.824196,4.7477365,105.66641
1500,true,2.824196,4.6383104,104.173134
1500,true,2.824196,4.648887,108.10531
1500,true,2.9923468,4.6268034,106.36179
1500,true,2.9923468,4.612068,104.21403
1500,true,2.9923468,4.610199,104.21519
1500,true,2.9923468,4.6156216,104.272255
1500,true,2.9923468,4.609648,104.20548
1500,true,2.9923468,4.6110997,104.360695
1500,true,2.9923468,4.61313,104.34342
1500,true,2.9923468,4.6123857,104.31541
1500,true,2.9923468,4.610502,104.30924
1500,true,2.9923468,4.658943,111.69057
1500,true,2.8271937,4.760067,106.60733
1500,true,2.8271937,4.6107755,104.3234
1500,true,2.8271937,4.610849,104.355804
1500,true,2.8271937,6.8551955,130.13217
1500,true,2.8271937,4.61083,104.47305
1500,true,2.8271937,4.6117296,104.37119
1500,true,2.8271937,4.644943,104.95987
1500,true,2.8271937,4.6119,104.00083
1500,true,2.8271937,4.612284,103.91813
1500,true,2.8271937,4.612096,104.084206
1500,true,2.9898815,4.6116514,103.99314
