threads,size,pin,runtime,energy
16,500,false,0.047282223,2.105036
16,500,false,0.047078792,2.0758
16,500,false,0.047085017,2.140559
16,500,false,0.047308534,2.126825
16,500,false,0.047322873,2.099116
16,500,false,0.047276065,2.111506
16,500,false,0.047308713,2.137324
16,500,false,0.047084745,2.099421
16,500,false,0.04718232,2.103937
8,500,false,0.04733382,2.123408
8,500,false,0.06801493,2.447198
8,500,false,0.056056026,2.268732
8,500,false,0.055698544,2.279352
8,500,false,0.06732637,2.363886
8,500,false,0.059419107,2.349054
8,500,false,0.06166884,2.342462
8,500,false,0.06134971,2.320673
8,500,false,0.05555857,2.322748
8,500,false,0.06399894,2.379998
12.8,500,false,0.06732149,2.406244
12.8,500,false,0.05465825,2.20257
12.8,500,false,0.050105747,2.175227
12.8,500,false,0.0501485,2.147333
12.8,500,false,0.04989728,2.191889
12.8,500,false,0.050047763,2.148798
12.8,500,false,0.05001001,2.157343
12.8,500,false,0.0499309,2.154658
12.8,500,false,0.049934376,2.166803
12.8,500,false,0.05000342,2.187495
15.68,500,false,0.04995741,2.153437
15.68,500,false,0.04718741,2.086298
15.68,500,false,0.04729141,2.102412
15.68,500,false,0.04756973,2.133905
15.68,500,false,0.04710168,2.103999
15.68,500,false,0.04707595,2.112787
15.68,500,false,0.04720782,2.087458
15.68,500,false,0.047088355,2.105037
15.68,500,false,0.047067344,2.047297
15.68,500,false,0.0471412,2.081781
16,500,false,0.047202498,2.106318
16,500,false,0.04740495,2.105402
16,500,false,0.04743049,2.114435
16,500,false,0.047049362,2.122676
16,500,false,0.04719839,2.09643
16,500,false,0.047531657,2.129694
16,500,false,0.04741444,2.117854
16,500,false,0.046960056,2.093317
16,500,false,0.047156803,2.129938
16,500,false,0.047230594,2.092219
14.9632,500,false,0.04703225,2.088557
14.9632,500,false,0.04786937,2.162592
14.9632,500,false,0.047845326,2.116877
14.9632,500,false,0.04809736,2.121515
14.9632,500,false,0.048265833,2.161494
14.9632,500,false,0.04791993,2.106257
14.9632,500,false,0.047904722,2.123102
14.9632,500,false,0.048018254,2.159357
14.9632,500,false,0.048005726,2.103877
14.9632,500,false,0.048145294,2.14892
15.585279,500,false,0.047831926,2.098322
15.585279,500,false,0.047050703,2.102961
15.585279,500,false,0.04710154,2.121638
15.585279,500,false,0.047288418,2.130732
15.585279,500,false,0.04711852,2.093622
15.585279,500,false,0.047064584,2.105281
15.585279,500,false,0.047290154,2.124384
15.585279,500,false,0.04736376,2.130793
15.585279,500,false,0.04699787,2.11413
15.585279,500,false,0.047122136,2.114619
16,500,false,0.047244657,2.113398
16,500,false,0.04706378,2.074518
16,500,false,0.047081873,2.126643
16,500,false,0.047203854,2.103022
16,500,false,0.047070116,2.122248
16,500,false,0.047093764,2.098688
16,500,false,0.047130797,2.082209
16,500,false,0.047096867,2.082575
16,500,false,0.04712293,2.09228
16,500,false,0.047017567,2.13122
16,500,false,0.04708024,2.106013
16,500,false,0.047086727,2.110285
16,500,false,0.04755841,2.135188
16,500,false,0.04792128,2.162286
16,500,false,0.04710921,2.095454
16,500,false,0.04711199,2.131098
16,500,false,0.047148053,2.095393
16,500,false,0.047190797,2.097162
16,500,false,0.047141016,2.100153
16,500,false,0.047010753,2.092707
15.719078,500,false,0.047495525,2.163996
15.719078,500,false,0.047063775,2.079768
15.719078,500,false,0.04732087,2.077875
15.719078,500,false,0.0471415,2.095027
15.719078,500,false,0.0471994,2.090571
15.719078,500,false,0.04760892,2.146845
15.719078,500,false,0.04703576,2.103876
15.719078,500,false,0.04716012,2.112422
15.719078,500,false,0.047169935,2.104975
15.719078,500,false,0.047012,2.084833
15.967479,500,false,0.047096025,2.132258
15.967479,500,false,0.04730276,2.103999
15.967479,500,false,0.04717259,2.099909
15.967479,500,false,0.047059894,2.110041
15.967479,500,false,0.047082413,2.093867
15.967479,500,false,0.04714574,2.095698
15.967479,500,false,0.04701707,2.127192
15.967479,500,false,0.047066532,2.101557
15.967479,500,false,0.047106113,2.105402
15.967479,500,false,0.048560333,2.240839
15.741331,500,false,0.050163712,2.343866
15.741331,500,false,0.04831204,2.2102
15.741331,500,false,0.047112133,2.101374
15.741331,500,false,0.047545154,2.079828
15.741331,500,false,0.0471934,2.139155
15.741331,500,false,0.04791295,2.14068
15.741331,500,false,0.047202803,2.112361
15.741331,500,false,0.046966344,2.113947
15.741331,500,false,0.047076385,2.119318
15.741331,500,false,0.047119174,2.109187
15.951477,500,false,0.047174733,2.100336
15.951477,500,false,0.04717674,2.089289
15.951477,500,false,0.04705703,2.092585
15.951477,500,false,0.047046613,2.126215
15.951477,500,false,0.04712616,2.112116
15.951477,500,false,0.04766479,2.124995
15.951477,500,false,0.047220353,2.129145
15.951477,500,false,0.047673337,2.12829
15.951477,500,false,0.048046168,2.138301
15.951477,500,false,0.047254153,2.120478
16,500,false,0.04704272,2.092218
16,500,false,0.04700286,2.098139
16,500,false,0.047044992,2.13177
16,500,false,0.04709425,2.084833
16,500,false,0.047088537,2.112178
16,500,false,0.047863703,2.153437
16,500,false,0.04701362,2.096674
16,500,false,0.047549017,2.143915
16,500,false,0.04749453,2.13708
16,500,false,0.047073595,2.09582
15.810896,500,false,0.047055714,2.108148
15.810896,500,false,0.047039993,2.05511
15.810896,500,false,0.047072627,2.127314
15.810896,500,false,0.047538582,2.142206
15.810896,500,false,0.047041025,2.089961
15.810896,500,false,0.04738936,2.144525
15.810896,500,false,0.04713427,2.082392
15.810896,500,false,0.047755677,2.188716
15.810896,500,false,0.047542702,2.115106
15.810896,500,false,0.04716107,2.115229
15.992884,500,false,0.047113433,2.088679
15.992884,500,false,0.047227524,2.12469
15.992884,500,false,0.04714264,2.097834
15.992884,500,false,0.047105625,2.12829
15.992884,500,false,0.04705272,2.10882
15.992884,500,false,0.047111593,2.083552
15.992884,500,false,0.047118835,2.09405
15.992884,500,false,0.047622494,2.088801
15.992884,500,false,0.047125895,2.136103
15.992884,500,false,0.047430977,2.137934
16,500,false,0.047231,2.086725
16,500,false,0.047035094,2.116633
16,500,false,0.04707291,2.11883
16,500,false,0.047040496,2.090327
16,500,false,0.047110192,2.092219
16,500,false,0.047056343,2.09698
16,500,false,0.04749136,2.165155
16,500,false,0.0470902,2.129145
16,500,false,0.047106244,2.095515
16,500,false,0.047028467,2.106928
15.82818,500,false,0.048260935,2.154596
15.82818,500,false,0.04713814,2.093135
15.82818,500,false,0.047620866,2.130487
15.82818,500,false,0.047262732,2.138118
15.82818,500,false,0.04705313,2.092646
15.82818,500,false,0.048436504,2.15362
15.82818,500,false,0.047669966,2.109369
15.82818,500,false,0.04716877,2.089106
15.82818,500,false,0.04713816,2.125849
15.82818,500,false,0.04704179,2.100947
15.996331,500,false,0.047232136,2.134089
15.996331,500,false,0.046996374,2.103144
15.996331,500,false,0.04707403,2.092768
15.996331,500,false,0.04709823,2.135614
15.996331,500,false,0.047094498,2.102595
15.996331,500,false,0.047156233,2.130183
15.996331,500,false,0.047188602,2.104548
15.996331,500,false,0.04720075,2.123285
15.996331,500,false,0.046945408,2.111628
15.996331,500,false,0.04706947,2.076777
16,500,false,0.047089618,2.107722
16,500,false,0.047510255,2.114985
16,500,false,0.047059733,2.096858
16,500,false,0.047012273,2.090265
16,500,false,0.047101777,2.13238
16,500,false,0.04751956,2.120112
16,500,false,0.04708166,2.099971
16,500,false,0.047142606,2.093439
16,500,false,0.047311977,2.134211
16,500,false,0.047103368,2.093622
15.837312,500,false,0.047625184,2.127314
15.837312,500,false,0.047666643,2.109858
15.837312,500,false,0.04698118,2.13006
15.837312,500,false,0.047655147,2.13824
15.837312,500,false,0.047187097,2.098261
15.837312,500,false,0.047211997,2.133234
15.837312,500,false,0.047107834,2.097102
15.837312,500,false,0.047186688,2.089167
15.837312,500,false,0.04704237,2.089899
15.837312,500,false,0.047277465,2.13415
15.676662,500,false,0.047198184,2.130549
15.676662,500,false,0.047606383,2.124628
15.676662,500,false,0.047045384,2.110895
15.676662,500,false,0.04718536,2.128535
15.676662,500,false,0.04726084,2.09112
15.676662,500,false,0.047221985,2.152949
15.676662,500,false,0.04703128,2.090693
15.676662,500,false,0.04751528,2.133356
15.676662,500,false,0.047422133,2.12591
15.676662,500,false,0.04716484,2.099848
15.835619,500,false,0.047018,2.089167
15.835619,500,false,0.047128744,2.087336
15.835619,500,false,0.047124,2.094721
15.835619,500,false,0.04705624,2.132991
15.835619,500,false,0.046993878,2.111139
15.835619,500,false,0.04725409,2.082026
15.835619,500,false,0.04769785,2.169428
15.835619,500,false,0.047976047,2.141352
15.835619,500,false,0.047963575,2.148066
15.835619,500,false,0.04712785,2.140742
15.678073,500,false,0.04804312,2.150324
15.678073,500,false,0.04763717,2.133722
15.678073,500,false,0.046975788,2.096858
15.678073,500,false,0.047221035,2.130731
15.678073,500,false,0.047091298,2.103328
15.678073,500,false,0.047209475,2.093378
15.678073,500,false,0.047131177,2.143793
15.678073,500,false,0.046973243,2.084529
15.678073,500,false,0.04759148,2.138422
15.678073,500,false,0.04712716,2.132136
15.521708,500,false,0.047025695,2.100397
15.521708,500,false,0.04766525,2.124689
15.521708,500,false,0.047587708,2.123408
15.521708,500,false,0.047108073,2.100459
15.521708,500,false,0.047114313,2.096674
15.521708,500,false,0.04707646,2.088679
15.521708,500,false,0.04710259,2.098993
15.521708,500,false,0.04757169,2.131953
15.521708,500,false,0.047016677,2.095453
15.521708,500,false,0.047125235,2.108637
15.366331,500,false,0.046986353,2.087397
15.366331,1000,false,0.41592714,18.297379
15.366331,1000,false,0.41701475,18.32759
15.366331,1000,false,0.41744676,18.40956
15.366331,1000,false,0.41900015,18.379408
15.366331,1000,false,0.41652328,18.359388
15.366331,1000,false,0.4173663,18.372513
15.366331,1000,false,0.4165142,18.379164
15.366331,1000,false,0.41643882,18.341078
15.366331,1000,false,0.41631946,18.295547
7.366331,1000,false,0.418743,18.480179
7.366331,1000,false,0.52741885,20.290476
7.366331,1000,false,0.52495635,20.131111
7.366331,1000,false,0.50946105,19.977243
7.366331,1000,false,0.5187146,20.115671
7.366331,1000,false,0.5542272,20.468576
7.366331,1000,false,0.5156663,19.95704
7.366331,1000,false,0.5163852,20.139536
7.366331,1000,false,0.5191586,20.150644
7.366331,1000,false,0.5236604,20.272043
12.166331,1000,false,0.5161696,20.005749
12.166331,1000,false,0.42732328,18.592176
12.166331,1000,false,0.4321348,18.788404
12.166331,1000,false,0.42956626,18.628187
12.166331,1000,false,0.44122377,18.828075
12.166331,1000,false,0.43053693,18.710585
12.166331,1000,false,0.42914614,18.607311
12.166331,1000,false,0.42791054,18.57057
12.166331,1000,false,0.4353714,18.641554
12.166331,1000,false,0.42917788,18.604689
15.046331,1000,false,0.43217957,18.797985
15.046331,1000,false,0.41918722,18.607008
15.046331,1000,false,0.41699076,18.42781
15.046331,1000,false,0.4174802,18.36299
15.046331,1000,false,0.41649508,18.357313
15.046331,1000,false,0.41723168,18.43025
15.046331,1000,false,0.41700253,18.729568
15.046331,1000,false,0.41646993,18.373304
15.046331,1000,false,0.41616744,18.358046
15.046331,1000,false,0.4148937,18.319777
16,1000,false,0.41546935,18.37764
16,1000,false,0.41283435,18.413773
16,1000,false,0.41206327,18.321363
16,1000,false,0.41361767,18.477613
16,1000,false,0.41206503,18.254105
16,1000,false,0.41263035,18.4944
16,1000,false,0.41275525,18.450577
16,1000,false,0.41134724,18.353592
16,1000,false,0.41397506,18.498184
16,1000,false,0.41366944,18.504225
14.9632,1000,false,0.41344035,18.54646
14.9632,1000,false,0.41740566,18.442276
14.9632,1000,false,0.41659784,18.412428
14.9632,1000,false,0.41760176,18.556166
14.9632,1000,false,0.42172897,18.702831
14.9632,1000,false,0.41644853,18.43202
14.9632,1000,false,0.4167792,18.36238
14.9632,1000,false,0.42155167,18.502028
14.9632,1000,false,0.4162618,18.377028
14.9632,1000,false,0.4168812,18.383316
14.34112,1000,false,0.41772747,18.418776
14.34112,1000,false,0.42200822,18.568434
14.34112,1000,false,0.42193115,18.579298
14.34112,1000,false,0.4230737,18.607985
14.34112,1000,false,0.42165267,18.572645
14.34112,1000,false,0.4198556,18.546827
14.34112,1000,false,0.42108548,18.682388
14.34112,1000,false,0.42275402,18.63252
14.34112,1000,false,0.41870674,18.498549
14.34112,1000,false,0.42098513,18.520948
14.763705,1000,false,0.42361128,18.616224
14.763705,1000,false,0.41821632,18.567701
14.763705,1000,false,0.41825402,18.531202
14.763705,1000,false,0.41597492,18.430252
14.763705,1000,false,0.41744295,18.728956
14.763705,1000,false,0.41926423,18.799635
14.763705,1000,false,0.41951925,18.758984
14.763705,1000,false,0.41957006,18.845776
14.763705,1000,false,0.41721547,18.618055
14.763705,1000,false,0.41575933,18.386976
14.431637,1000,false,0.41641918,18.583876
14.431637,1000,false,0.42172745,18.610245
14.431637,1000,false,0.4197224,18.582413
14.431637,1000,false,0.4221237,18.606031
14.431637,1000,false,0.4222681,18.605482
14.431637,1000,false,0.42011032,18.675917
14.431637,1000,false,0.42206365,18.582533
14.431637,1000,false,0.42028987,18.6501
14.431637,1000,false,0.41919315,18.528397
14.431637,1000,false,0.4238626,18.650038
14.712559,1000,false,0.41993973,18.57118
14.712559,1000,false,0.41550928,18.56703
14.712559,1000,false,0.41733158,18.649427
14.712559,1000,false,0.4172784,18.869093
14.712559,1000,false,0.42965978,19.644054
14.712559,1000,false,0.42141604,19.021313
14.712559,1000,false,0.42127398,19.044325
14.712559,1000,false,0.44263288,19.093151
14.712559,1000,false,0.41870615,18.83424
14.712559,1000,false,0.417123,18.724625
14.464158,1000,false,0.4153592,18.61958
14.464158,1000,false,0.4193184,18.552015
14.464158,1000,false,0.42466214,18.900585
14.464158,1000,false,0.42019916,18.682936
14.464158,1000,false,0.41831967,18.529736
14.464158,1000,false,0.42087212,18.569412
14.464158,1000,false,0.41931129,18.624586
14.464158,1000,false,0.4222371,18.605848
14.464158,1000,false,0.42257628,18.613785
14.464158,1000,false,0.42032552,18.599745
14.23801,1000,false,0.42183882,18.945507
14.23801,1000,false,0.41879097,18.5652
14.23801,1000,false,0.4215635,18.637344
14.23801,1000,false,0.4218644,18.674818
14.23801,1000,false,0.422694,18.615248
14.23801,1000,false,0.41961938,18.558668
14.23801,1000,false,0.42233622,18.709608
14.23801,1000,false,0.42072487,18.661572
14.23801,1000,false,0.4199081,18.66371
14.23801,1000,false,0.42256588,18.588148
14.448156,1000,false,0.41883177,18.610365
14.448156,1000,false,0.42217672,18.689892
14.448156,1000,false,0.42291835,18.900587
14.448156,1000,false,0.42215657,18.734327
14.448156,1000,false,0.41862562,18.666945
14.448156,1000,false,0.42482704,19.163893
14.448156,1000,false,0.419748,18.702894
14.448156,1000,false,0.42056152,18.596085
14.448156,1000,false,0.42299825,18.687452
14.448156,1000,false,0.4204831,18.807936
14.249933,1000,false,0.422807,18.7552
14.249933,1000,false,0.419152,18.585218
14.249933,1000,false,0.42030108,18.595352
14.249933,1000,false,0.42154726,18.800184
14.249933,1000,false,0.42261997,18.789017
14.249933,1000,false,0.42074892,18.803724
14.249933,1000,false,0.42072088,18.861647
14.249933,1000,false,0.42247146,18.641615
14.249933,1000,false,0.42056474,18.950268
14.249933,1000,false,0.42067996,18.791334
14.439037,1000,false,0.42277545,18.638563
14.439037,1000,false,0.42016506,18.8318
14.439037,1000,false,0.42233357,18.605663
14.439037,1000,false,0.42092112,18.830212
14.439037,1000,false,0.42167616,18.607435
14.439037,1000,false,0.42212838,18.777843
14.439037,1000,false,0.4223857,18.644604
14.439037,1000,false,0.42184982,18.67854
14.439037,1000,false,0.41740537,18.65315
14.439037,1000,false,0.41858432,18.530533
14.621025,1000,false,0.41852936,18.741163
14.621025,1000,false,0.41686526,18.66841
14.621025,1000,false,0.41675356,18.68086
14.621025,1000,false,0.4166924,18.697643
14.621025,1000,false,0.41585425,18.645216
14.621025,1000,false,0.41410804,18.587112
14.621025,1000,false,0.41793168,18.796703
14.621025,1000,false,0.41587394,18.612013
14.621025,1000,false,0.41730535,18.738234
14.621025,1000,false,0.41840506,18.83528
14.797372,1000,false,0.414939,18.477674
14.797372,1000,false,0.4164436,18.707045
14.797372,1000,false,0.4189858,18.75642
14.797372,1000,false,0.41703114,18.64064
14.797372,1000,false,0.420341,18.80879
14.797372,1000,false,0.41713542,18.69856
14.797372,1000,false,0.41901556,18.784315
14.797372,1000,false,0.41504043,18.598646
14.797372,1000,false,0.41547295,18.566725
14.797372,1000,false,0.4169006,18.63722
14.625552,1000,false,0.41714033,18.669935
14.625552,1000,false,0.41666764,18.62666
14.625552,1000,false,0.41637737,18.473707
14.625552,1000,false,0.4153161,18.528763
14.625552,1000,false,0.41555738,18.47334
14.625552,1000,false,0.41669104,18.64668
14.625552,1000,false,0.41723135,18.550856
14.625552,1000,false,0.4152182,18.578138
14.625552,1000,false,0.41615173,18.462112
14.625552,1000,false,0.4182111,18.714249
14.457401,1000,false,0.41680083,18.576124
14.457401,1000,false,0.42400953,18.84889
14.457401,1000,false,0.42024702,18.708815
14.457401,1000,false,0.42250082,18.95442
14.457401,1000,false,0.4297488,19.229382
14.457401,1000,false,0.41953236,18.562208
14.457401,1000,false,0.42041552,18.536024
14.457401,1000,false,0.42135584,18.57472
14.457401,1000,false,0.41828844,18.551222
14.457401,1000,false,0.42503002,18.769667
14.622555,1000,false,0.42135277,18.658096
14.622555,1000,false,0.41694075,18.491283
14.622555,1000,false,0.41555715,18.4543
14.622555,1000,false,0.4172517,18.635084
14.622555,1000,false,0.4154279,18.473583
14.622555,1000,false,0.41694,18.711378
14.622555,1000,false,0.41994077,18.86604
14.622555,1000,false,0.41751456,18.625624
14.622555,1000,false,0.41701233,18.415724
14.622555,1000,false,0.41723916,18.667372
14.785243,1000,false,0.4193819,18.535902
14.785243,1000,false,0.41490683,18.4969
14.785243,1000,false,0.41709846,18.545973
14.785243,1000,false,0.4196257,18.658705
14.785243,1000,false,0.4163059,18.431717
14.785243,1000,false,0.41627032,18.667313
14.785243,1000,false,0.4169597,18.580456
14.785243,1000,false,0.41607866,18.450209
14.785243,1000,false,0.41455644,18.412489
14.785243,1000,false,0.415416,18.563553
14.945892,1000,false,0.4186758,18.763012
14.945892,1000,false,0.41552565,18.418472
14.945892,1000,false,0.4156311,18.4532
14.945892,1000,false,0.4148586,18.555984
14.945892,1000,false,0.41664845,18.471329
14.945892,1000,false,0.41542596,18.664747
14.945892,1000,false,0.41847822,18.739635
14.945892,1000,false,0.41636717,18.582413
14.945892,1000,false,0.4168376,18.698317
14.945892,1000,false,0.41725513,18.654003
14.786936,1000,false,0.4180051,18.714855
14.786936,1000,false,0.41761437,18.523878
14.786936,1000,false,0.41685355,18.523453
14.786936,1000,false,0.41693172,18.681717
14.786936,1000,false,0.41502863,18.60542
14.786936,1000,false,0.41773418,18.537855
14.786936,1000,false,0.41651115,18.561964
14.786936,1000,false,0.4164359,18.727123
14.786936,1000,false,0.41609854,18.626904
14.786936,1000,false,0.41638777,18.650587
14.944482,1000,false,0.4197406,18.783705
14.944482,1000,false,0.4158327,18.531874
14.944482,1000,false,0.41896075,18.794449
14.944482,1000,false,0.41638952,18.611708
14.944482,1000,false,0.41494265,18.471632
14.944482,1000,false,0.418458,18.747938
14.944482,1000,false,0.41500407,18.559095
14.944482,1000,false,0.43186375,19.746103
14.944482,1000,false,0.41885826,18.812267
14.944482,1000,false,0.41813463,18.819532
14.788116,1000,false,0.42137012,18.97444
14.788116,1000,false,0.42042202,18.921703
14.788116,1000,false,0.4356331,20.336496
14.788116,1000,false,0.4459109,20.631477
14.788116,1000,false,0.43028486,19.832224
14.788116,1000,false,0.44802043,19.201368
14.788116,1000,false,0.4168537,18.72096
14.788116,1000,false,0.41629928,18.563065
14.788116,1000,false,0.41586098,18.671097
14.788116,1000,false,0.41770643,18.574842
14.943493,1000,false,0.42047676,18.724072
14.943493,1500,false,2.1054094,86.83584
14.943493,1500,false,2.1202166,86.942345
14.943493,1500,false,2.0975888,86.70314
14.943493,1500,false,2.1114388,87.33492
14.943493,1500,false,2.091211,86.50759
14.943493,1500,false,2.0949214,86.65377
14.943493,1500,false,2.094249,86.60201
14.943493,1500,false,2.0976806,91.68861
14.943493,1500,false,2.1137066,89.48842
6.943493,1500,false,2.1074476,86.98061
6.943493,1500,false,1.8766775,73.905396
6.943493,1500,false,1.8752873,73.34924
6.943493,1500,false,1.8679096,73.512566
6.943493,1500,false,1.8696353,73.306206
6.943493,1500,false,2.038891,75.313774
6.943493,1500,false,1.8686292,73.1881
6.943493,1500,false,1.8868437,73.517265
6.943493,1500,false,1.8872747,73.530396
6.943493,1500,false,1.8889511,73.820305
2.1434927,1500,false,1.8651582,72.803764
2.1434927,1500,false,7.1957464,144.62163
2.1434927,1500,false,7.2302365,145.03247
2.1434927,1500,false,7.17608,143.66992
2.1434927,1500,false,7.1946006,143.96643
2.1434927,1500,false,7.1700764,142.85309
2.1434927,1500,false,7.1760597,142.1236
2.1434927,1500,false,7.171861,143.54077
2.1434927,1500,false,7.198583,144.1419
2.1434927,1500,false,7.1722584,142.59558
10.143493,1500,false,7.175906,142.26581
10.143493,1500,false,1.701946,71.54559
10.143493,1500,false,1.827948,74.055534
10.143493,1500,false,1.7247688,72.14996
10.143493,1500,false,1.8157034,73.023735
10.143493,1500,false,1.8166625,73.07928
10.143493,1500,false,1.706015,71.8385
10.143493,1500,false,1.8269845,73.373344
10.143493,1500,false,1.8209059,73.0241
10.143493,1500,false,1.7055571,72.01129
14.943493,1500,false,1.7033985,71.3952
14.943493,1500,false,2.1036594,85.30703
14.943493,1500,false,2.0835176,84.80826
14.943493,1500,false,2.1014426,85.040985
14.943493,1500,false,2.0992568,85.21341
14.943493,1500,false,2.0873475,85.163414
14.943493,1500,false,2.099978,85.305504
14.943493,1500,false,2.0926123,85.158165
14.943493,1500,false,2.0973244,85.25576
14.943493,1500,false,2.1325195,89.13753
12.063493,1500,false,2.1099591,85.82309
12.063493,1500,false,1.8893038,77.29985
12.063493,1500,false,1.8269587,76.5175
12.063493,1500,false,1.8864625,77.13231
12.063493,1500,false,1.8995285,77.838974
12.063493,1500,false,1.8163941,76.30406
12.063493,1500,false,1.8219731,76.45189
12.063493,1500,false,1.8255235,76.61723
12.063493,1500,false,1.8935863,77.3341
12.063493,1500,false,1.8853955,77.35997
10.335493,1500,false,1.9002097,77.65959
10.335493,1500,false,1.713278,72.30768
10.335493,1500,false,1.8148699,73.58544
10.335493,1500,false,1.7022414,71.90338
10.335493,1500,false,1.7275729,73.55658
10.335493,1500,false,1.8192884,73.82952
10.335493,1500,false,1.7028921,72.17101
10.335493,1500,false,1.7016357,72.242
10.335493,1500,false,1.8164696,73.715385
10.335493,1500,false,1.8210063,73.84405
9.298693,1500,false,1.7265179,72.62536
9.298693,1500,false,1.7897143,72.742676
9.298693,1500,false,1.6782837,70.93378
9.298693,1500,false,1.6561455,70.37573
9.298693,1500,false,1.6833005,71.18439
9.298693,1500,false,1.7296455,71.77344
9.298693,1500,false,1.8236918,73.02118
9.298693,1500,false,1.8149974,72.68756
9.298693,1500,false,1.8192861,72.84619
9.298693,1500,false,1.6511538,70.56146
8.676613,1500,false,1.6551573,70.61926
8.676613,1500,false,1.8302064,72.996574
8.676613,1500,false,1.6570057,70.56915
8.676613,1500,false,1.6501105,70.56183
8.676613,1500,false,1.693708,71.42474
8.676613,1500,false,1.8096464,72.97216
8.676613,1500,false,1.6630157,70.9057
8.676613,1500,false,1.8177952,72.85901
8.676613,1500,false,1.6578082,71.019775
8.676613,1500,false,1.8209945,73.151726
8.254027,1500,false,1.6822855,71.25641
8.254027,1500,false,1.7246189,71.441345
8.254027,1500,false,1.6180565,69.86383
8.254027,1500,false,1.6531564,70.39716
8.254027,1500,false,1.6175926,69.62274
8.254027,1500,false,1.6270456,69.88911
8.254027,1500,false,1.6176089,69.84205
8.254027,1500,false,1.6439786,70.19672
8.254027,1500,false,1.6425022,70.21594
8.254027,1500,false,1.6840634,71.59802
7.921959,1500,false,1.6241391,69.84607
7.921959,1500,false,1.6178879,69.98242
7.921959,1500,false,1.6349001,70.127266
7.921959,1500,false,1.6273863,69.95728
7.921959,1500,false,1.6177243,69.73597
7.921959,1500,false,1.6453667,70.41754
7.921959,1500,false,1.6279056,70.17523
7.921959,1500,false,1.6434813,70.372505
7.921959,1500,false,1.6254704,70.217896
7.921959,1500,false,1.6248262,70.0639
8.202881,1500,false,1.6177263,69.811226
8.202881,1500,false,1.6454825,70.30317
8.202881,1500,false,1.6185653,70.0489
8.202881,1500,false,1.6323423,70.38403
8.202881,1500,false,1.6270665,70.04486
8.202881,1500,false,1.6333079,70.2984
8.202881,1500,false,1.6175419,70.076546
8.202881,1500,false,1.6430768,70.385376
8.202881,1500,false,1.6178128,69.97748
8.202881,1500,false,1.6558471,70.47077
7.95448,1500,false,1.6537616,70.56323
7.95448,1500,false,1.6750338,71.16937
7.95448,1500,false,1.6349332,70.56434
7.95448,1500,false,1.6172372,70.15308
7.95448,1500,false,1.6933464,71.37042
7.95448,1500,false,1.6619008,71.05725
7.95448,1500,false,1.6260211,70.244514
7.95448,1500,false,1.6174204,70.23572
7.95448,1500,false,1.6361609,70.59863
7.95448,1500,false,1.6616509,70.90991
8.180628,1500,false,1.6246333,70.38214
8.180628,1500,false,1.6356385,70.65448
8.180628,1500,false,1.6320103,70.67328
8.180628,1500,false,1.6439831,70.77484
8.180628,1500,false,1.6251932,70.41339
8.180628,1500,false,1.63817,71.5188
8.180628,1500,false,1.6295931,70.45654
8.180628,1500,false,1.6477869,70.94215
8.180628,1500,false,1.7227346,75.69701
8.180628,1500,false,1.65394,70.70631
7.9704823,1500,false,1.6182373,70.43342
7.9704823,1500,false,1.6274549,70.42377
7.9704823,1500,false,1.6350646,70.53064
7.9704823,1500,false,1.6374283,70.80543
7.9704823,1500,false,1.6784732,71.16327
7.9704823,1500,false,1.6182964,70.35858
7.9704823,1500,false,1.6170769,70.282166
7.9704823,1500,false,1.6171606,70.36627
7.9704823,1500,false,1.6845556,74.77825
7.9704823,1500,false,1.7245574,76.59416
7.772259,1500,false,1.6295987,70.82819
7.772259,1500,false,1.6247681,70.399536
7.772259,1500,false,1.6335485,70.68494
7.772259,1500,false,1.6356933,70.62451
7.772259,1500,false,1.6439772,70.862434
7.772259,1500,false,1.6181854,70.46704
7.772259,1500,false,1.6346972,70.66113
7.772259,1500,false,1.6173446,70.322395
7.772259,1500,false,1.6168282,70.40473
7.772259,1500,false,1.6175257,70.37189
7.583155,1500,false,1.64226,70.794075
7.583155,1500,false,1.6567147,71.30829
7.583155,1500,false,1.6180748,70.47925
7.583155,1500,false,1.6356921,70.8454
7.583155,1500,false,1.6540399,71.09833
7.583155,1500,false,1.6165006,70.56074
7.583155,1500,false,1.6356866,70.774666
7.583155,1500,false,1.6204557,70.68512
7.583155,1500,false,1.6631432,71.194336
7.583155,1500,false,1.6342924,70.60004
7.765143,1500,false,1.6185756,70.57392
7.765143,1500,false,1.6444154,71.03778
7.765143,1500,false,1.6507912,71.888
7.765143,1500,false,1.7280855,72.153015
7.765143,1500,false,1.6373885,70.70533
7.765143,1500,false,1.6236489,70.727905
7.765143,1500,false,1.6621745,71.18653
7.765143,1500,false,1.6267107,70.74805
7.765143,1500,false,1.6249155,70.73957
7.765143,1500,false,1.6266763,70.81537
7.588796,1500,false,1.6370583,71.17407
7.588796,1500,false,1.6649969,71.23004
7.588796,1500,false,1.6443359,71.03602
7.588796,1500,false,1.6344004,70.92755
7.588796,1500,false,1.6736639,71.31262
7.588796,1500,false,1.6416755,70.80811
7.588796,1500,false,1.6663543,71.36548
7.588796,1500,false,1.6257159,70.79053
7.588796,1500,false,1.624921,70.75232
7.588796,1500,false,1.6194587,70.71815
7.760616,1500,false,1.65291,71.15986
7.760616,1500,false,1.6181495,70.69202
7.760616,1500,false,1.6235074,70.66462
7.760616,1500,false,1.6230922,70.69361
7.760616,1500,false,1.6991737,71.8186
7.760616,1500,false,1.647619,70.81213
7.760616,1500,false,1.6235669,70.46045
7.760616,1500,false,1.6261957,70.74756
7.760616,1500,false,1.6289897,71.1969
7.760616,1500,false,1.6344914,71.01362
7.9287667,1500,false,1.6364768,70.95618
7.9287667,1500,false,1.6616888,71.0979
7.9287667,1500,false,1.6434393,70.99152
7.9287667,1500,false,1.6241449,70.61279
7.9287667,1500,false,1.6167594,70.74066
7.9287667,1500,false,1.626095,70.70874
7.9287667,1500,false,1.6456327,70.97974
7.9287667,1500,false,1.643622,71.07727
7.9287667,1500,false,1.617062,70.61975
7.9287667,1500,false,1.6449504,71.796936
7.7636137,1500,false,1.634568,70.989075
7.7636137,1500,false,1.6724226,71.519775
7.7636137,1500,false,1.6574988,72.01459
7.7636137,1500,false,1.76748,80.12987
7.7636137,1500,false,1.8940173,84.367584
7.7636137,1500,false,2.0299675,89.17177
7.7636137,1500,false,1.6656502,73.33673
7.7636137,1500,false,1.8098484,81.66813
7.7636137,1500,false,2.0336206,86.28243
7.7636137,1500,false,1.6774423,73.83068
7.9263015,1500,false,1.6385822,71.19354
7.9263015,1500,false,1.7128171,74.741936
7.9263015,1500,false,1.7227993,72.30249
7.9263015,1500,false,1.63321,71.08484
7.9263015,1500,false,1.6642094,71.42261
7.9263015,1500,false,1.6330934,70.94544
7.9263015,1500,false,1.6923442,71.80609
7.9263015,1500,false,1.61709,70.605225
7.9263015,1500,false,1.6343124,70.94513
7.9263015,1500,false,1.7040722,75.72893
8.086951,1500,false,1.6542375,71.55194
8.086951,1500,false,1.6720126,71.69818
8.086951,1500,false,1.6348479,70.934814
8.086951,1500,false,1.6303135,71.33362
8.086951,1500,false,1.6645782,71.555725
8.086951,1500,false,1.6169465,70.77997
8.086951,1500,false,1.6178935,70.653625
8.086951,1500,false,1.660306,71.30664
8.086951,1500,false,1.6246727,70.92261
8.086951,1500,false,1.6253101,70.98926
8.245908,1500,false,1.7006769,72.229675
8.245908,1500,false,1.616807,70.74421
8.245908,1500,false,1.616715,70.79663
8.245908,1500,false,1.6525621,71.24359
8.245908,1500,false,1.6739753,72.274536
8.245908,1500,false,1.6175427,70.85352
8.245908,1500,false,1.6441007,71.20111
8.245908,1500,false,1.6182158,70.91589
8.245908,1500,false,1.7276974,77.5797
8.245908,1500,false,2.042888,89.43648
8.403454,1500,false,1.6240933,70.86713
8.403454,500,true,0.09294289,2.731133
8.403454,500,true,0.09193653,2.710503
8.403454,500,true,0.0921317,2.747308
8.403454,500,true,0.09206688,2.711662
8.403454,500,true,0.09224893,2.712823
8.403454,500,true,0.09195467,2.712273
8.403454,500,true,0.09278703,2.733819
8.403454,500,true,0.09228036,2.714836
8.403454,500,true,0.09212132,2.710504
16,500,true,0.092082106,2.715142
16,500,true,0.047221694,2.148126
16,500,true,0.047167063,2.167048
16,500,true,0.047128104,2.14416
16,500,true,0.047290135,2.154108
16,500,true,0.04722888,2.140436
16,500,true,0.047032237,2.17602
16,500,true,0.04694956,2.13653
16,500,true,0.047102384,2.130365
16,500,true,0.046934985,2.136592
16,500,true,0.048756085,2.281183
16,500,true,0.062267464,2.5523
16,500,true,0.04804654,2.225642
16,500,true,0.047091525,2.134821
16,500,true,0.047126614,2.167475
16,500,true,0.047013216,2.130304
16,500,true,0.047050808,2.129939
16,500,true,0.047092278,2.139643
16,500,true,0.047034945,2.169306
16,500,true,0.04694847,2.134699
16,500,true,0.047001403,2.1513
16,500,true,0.04711411,2.121028
16,500,true,0.04705728,2.174799
16,500,true,0.047101434,2.135798
16,500,true,0.046930168,2.132075
16,500,true,0.04701993,2.138849
16,500,true,0.047067296,2.150507
16,500,true,0.047017403,2.161921
16,500,true,0.047066487,2.136591
16,500,true,0.04710711,2.142085
16,500,true,0.047040623,2.129145
16,500,true,0.047128912,2.127558
16,500,true,0.0471016,2.158015
16,500,true,0.047049467,2.143671
16,500,true,0.047062512,2.13299
16,500,true,0.047165073,2.132136
16,500,true,0.047032207,2.137018
16,500,true,0.04708024,2.168635
16,500,true,0.047062963,2.105768
16,500,true,0.047082424,2.126886
16,500,true,0.04696705,2.169123
16,500,true,0.047065284,2.13946
16,500,true,0.047086705,2.14068
16,500,true,0.047038272,2.159297
16,500,true,0.047193997,2.151606
16,500,true,0.04698708,2.131464
16,500,true,0.04692495,2.130732
16,500,true,0.047082175,2.14178
16,500,true,0.047115594,2.151361
16,500,true,0.04696672,2.131892
15.37792,500,true,0.04707995,2.140803
15.37792,500,true,0.04753895,2.161798
15.37792,500,true,0.047645234,2.141108
15.37792,500,true,0.04759358,2.152704
15.37792,500,true,0.047656864,2.113642
15.37792,500,true,0.047658715,2.087397
15.37792,500,true,0.047610443,2.205622
15.37792,500,true,0.047612913,2.149164
15.37792,500,true,0.047610987,2.149287
15.37792,500,true,0.047664944,2.111505
14.955335,500,true,0.047645997,2.153071
14.955335,500,true,0.047596,2.106013
14.955335,500,true,0.04764887,2.172236
14.955335,500,true,0.047605854,2.133966
14.955335,500,true,0.047644515,2.155634
14.955335,500,true,0.04756922,2.148494
14.955335,500,true,0.047675595,2.168207
14.955335,500,true,0.04760233,2.138117
14.955335,500,true,0.04760239,2.169306
14.955335,500,true,0.04757901,2.088251
15.287403,500,true,0.04758446,2.138301
15.287403,500,true,0.047600128,2.155512
15.287403,500,true,0.047621746,2.125544
15.287403,500,true,0.04753178,2.147882
15.287403,500,true,0.047606237,2.150752
15.287403,500,true,0.047575768,2.116816
15.287403,500,true,0.047665592,2.144099
15.287403,500,true,0.047619224,2.154718
15.287403,500,true,0.047669224,2.168879
15.287403,500,true,0.047592398,2.134211
15.006481,500,true,0.04757038,2.159601
15.006481,500,true,0.047703657,2.163203
15.006481,500,true,0.047605272,2.140253
15.006481,500,true,0.047629982,2.149592
15.006481,500,true,0.047626954,2.154657
15.006481,500,true,0.04812799,2.159052
15.006481,500,true,0.047718428,2.131953
15.006481,500,true,0.047550146,2.156366
15.006481,500,true,0.047647014,2.153071
15.006481,500,true,0.047643133,2.145686
15.254882,500,true,0.04759056,2.152643
15.254882,500,true,0.047687948,2.154108
15.254882,500,true,0.047625594,2.152522
15.254882,500,true,0.047647975,2.150202
15.254882,500,true,0.047663413,2.103388
15.254882,500,true,0.047639072,2.137263
15.254882,500,true,0.047681313,2.10412
15.254882,500,true,0.047726907,2.131403
15.254882,500,true,0.04758299,2.146662
15.254882,500,true,0.047653235,2.112971
15.4810295,500,true,0.047652304,2.144831
15.4810295,500,true,0.047676176,2.149714
15.4810295,500,true,0.04760124,2.153009
15.4810295,500,true,0.048649937,2.179804
15.4810295,500,true,0.047603365,2.14593
15.4810295,500,true,0.047549233,2.150446
15.4810295,500,true,0.0476093,2.137568
15.4810295,500,true,0.047634076,2.135981
15.4810295,500,true,0.047569945,2.118647
15.4810295,500,true,0.0476479,2.148371
15.270884,500,true,0.04761286,2.150202
15.270884,500,true,0.048539244,2.182734
15.270884,500,true,0.047688704,2.152765
15.270884,500,true,0.047526713,2.147394
15.270884,500,true,0.047589548,2.153743
15.270884,500,true,0.047664095,2.119684
15.270884,500,true,0.0475466,2.196894
15.270884,500,true,0.04767114,2.111689
15.270884,500,true,0.047622375,2.107539
15.270884,500,true,0.04767315,2.153986
15.469107,500,true,0.04790766,2.164423
15.469107,500,true,0.047585487,2.148493
15.469107,500,true,0.047601964,2.106318
15.469107,500,true,0.047619235,2.152033
15.469107,500,true,0.047937244,2.153437
15.469107,500,true,0.047844164,2.170893
15.469107,500,true,0.0478484,2.165033
15.469107,500,true,0.047995083,2.155451
15.469107,500,true,0.048414472,2.210688
15.469107,500,true,0.047975037,2.165888
15.658211,500,true,0.04777092,2.148066
15.658211,500,true,0.04704539,2.153193
15.658211,500,true,0.04703023,2.173395
15.658211,500,true,0.047092963,2.150568
15.658211,500,true,0.04710668,2.128962
15.658211,500,true,0.047069702,2.142939
15.658211,500,true,0.04702996,2.169733
15.658211,500,true,0.047099657,2.137995
15.658211,500,true,0.04710738,2.151179
15.658211,500,true,0.047037277,2.161432
15.8401985,500,true,0.0471179,2.131708
15.8401985,500,true,0.04697893,2.134394
15.8401985,500,true,0.04708088,2.137019
15.8401985,500,true,0.047005672,2.134882
15.8401985,500,true,0.04703993,2.137995
15.8401985,500,true,0.047083154,2.170038
15.8401985,500,true,0.047124486,2.138606
15.8401985,500,true,0.04707614,2.155146
15.8401985,500,true,0.047072154,2.133356
15.8401985,500,true,0.047148656,2.151484
16,500,true,0.047117025,2.120417
16,500,true,0.04712486,2.174006
16,500,true,0.04698882,2.138361
16,500,true,0.047110885,2.170221
16,500,true,0.047037736,2.142207
16,500,true,0.047081772,2.168085
16,500,true,0.04704399,2.145441
16,500,true,0.047081497,2.138606
16,500,true,0.047060966,2.138422
16,500,true,0.04704373,2.171198
15.82818,500,true,0.047050476,2.136774
15.82818,500,true,0.047096383,2.166377
15.82818,500,true,0.047099467,2.150385
15.82818,500,true,0.047034483,2.128351
15.82818,500,true,0.047098536,2.139582
15.82818,500,true,0.047013123,2.13299
15.82818,500,true,0.04699556,2.13647
15.82818,500,true,0.047086067,2.165888
15.82818,500,true,0.046995416,2.138788
15.82818,500,true,0.047003508,2.156733
15.660029,500,true,0.046988305,2.159296
15.660029,500,true,0.047013972,2.137873
15.660029,500,true,0.047088947,2.135065
15.660029,500,true,0.04703774,2.170649
15.660029,500,true,0.047084153,2.145808
15.660029,500,true,0.047097497,2.124201
15.660029,500,true,0.046989504,2.128473
15.660029,500,true,0.0470941,2.150751
15.660029,500,true,0.04699021,2.137629
15.660029,500,true,0.04709064,2.174738
15.825183,500,true,0.04704092,2.14123
15.825183,500,true,0.047029376,2.173884
15.825183,500,true,0.047090504,2.132074
15.825183,500,true,0.04707723,2.135737
15.825183,500,true,0.04708388,2.168452
15.825183,500,true,0.047031485,2.151728
15.825183,500,true,0.04695198,2.126825
15.825183,500,true,0.0470998,2.1701
15.825183,500,true,0.04710077,2.148615
15.825183,500,true,0.047220603,2.156549
15.662495,500,true,0.04717608,2.147334
15.662495,500,true,0.047043025,2.129572
15.662495,500,true,0.04701048,2.174433
15.662495,500,true,0.04705523,2.135736
15.662495,500,true,0.047070995,2.135493
15.662495,500,true,0.04707532,2.139094
15.662495,500,true,0.047019053,2.188715
15.662495,500,true,0.04704825,2.13238
15.662495,500,true,0.046995938,2.146784
15.662495,500,true,0.047097735,2.159845
15.501845,500,true,0.04711171,2.168696
15.501845,500,true,0.04709333,2.142328
15.501845,500,true,0.04709835,2.141657
15.501845,500,true,0.046996634,2.166621
15.501845,500,true,0.047077317,2.147699
15.501845,500,true,0.047045417,2.142085
15.501845,500,true,0.04709233,2.172174
15.501845,500,true,0.047134157,2.140925
15.501845,500,true,0.04700883,2.129755
15.501845,500,true,0.04714048,2.167842
15.660802,500,true,0.047038954,2.134638
15.660802,500,true,0.04716852,2.164667
15.660802,500,true,0.047051966,2.142451
15.660802,500,true,0.047034357,2.136774
15.660802,500,true,0.04709088,2.169306
15.660802,500,true,0.0469555,2.142939
15.660802,500,true,0.04719964,2.164179
15.660802,500,true,0.046966586,2.107111
15.660802,500,true,0.047049653,2.173823
15.660802,500,true,0.047067724,2.168085
15.818348,500,true,0.047067765,2.135187
15.818348,500,true,0.04699495,2.150813
15.818348,500,true,0.04706938,2.15185
15.818348,500,true,0.047118783,2.144464
15.818348,500,true,0.04708657,2.136714
15.818348,500,true,0.047030903,2.171381
15.818348,500,true,0.04713064,2.133356
15.818348,500,true,0.04701352,2.173456
15.818348,500,true,0.047179054,2.139155
15.818348,500,true,0.04703231,2.139826
15.661983,500,true,0.047055095,2.171137
15.661983,500,true,0.04712027,2.144221
15.661983,500,true,0.04714081,2.169489
15.661983,500,true,0.047009204,2.14953
15.661983,500,true,0.047097743,2.123957
15.661983,500,true,0.04696555,2.169184
15.661983,500,true,0.046955064,2.140559
15.661983,500,true,0.047069035,2.141596
15.661983,500,true,0.047060464,2.165583
15.661983,500,true,0.04702151,2.139704
15.506606,500,true,0.047133263,2.140497
15.506606,1000,true,0.41329733,18.652967
15.506606,1000,true,0.41013715,18.62074
15.506606,1000,true,0.41362834,18.704847
15.506606,1000,true,0.41302913,18.59474
15.506606,1000,true,0.41163164,18.668407
15.506606,1000,true,0.41207263,18.551344
15.506606,1000,true,0.41197717,18.575089
15.506606,1000,true,0.41389024,18.626234
15.506606,1000,true,0.4116251,18.536695
7.506606,1000,true,0.40995407,18.539623
7.506606,1000,true,0.8257747,24.16168
7.506606,1000,true,0.82406366,24.006895
7.506606,1000,true,0.82389075,23.986206
7.506606,1000,true,0.83194757,23.97052
7.506606,1000,true,0.8240785,23.842712
7.506606,1000,true,0.8209594,23.729065
7.506606,1000,true,0.8195083,23.736696
7.506606,1000,true,0.82543063,23.78888
7.506606,1000,true,0.8244956,23.743105
12.306606,1000,true,0.8309104,23.811646
12.306606,1000,true,0.42719007,18.868664
12.306606,1000,true,0.42740756,18.892286
12.306606,1000,true,0.42674893,18.926708
12.306606,1000,true,0.4291599,18.90602
12.306606,1000,true,0.42770013,18.912428
12.306606,1000,true,0.42725748,18.925488
12.306606,1000,true,0.42965814,18.987562
12.306606,1000,true,0.4440159,19.13728
12.306606,1000,true,0.42940983,18.989452
15.186606,1000,true,0.42830077,18.9037
15.186606,1000,true,0.41507143,18.624098
15.186606,1000,true,0.41455862,18.615795
15.186606,1000,true,0.4162964,18.697828
15.186606,1000,true,0.41708222,18.7787
15.186606,1000,true,0.4165186,18.758558
15.186606,1000,true,0.42513064,19.171888
15.186606,1000,true,0.4171848,18.75862
15.186606,1000,true,0.41435844,18.675428
15.186606,1000,true,0.41531855,18.645094
16,1000,true,0.41487086,18.68904
16,1000,true,0.41141495,18.489882
16,1000,true,0.4125415,18.58235
16,1000,true,0.41434997,18.608778
16,1000,true,0.41060066,18.499037
16,1000,true,0.4135998,18.6078
16,1000,true,0.41118568,18.538528
16,1000,true,0.41056508,18.477247
16,1000,true,0.41072994,18.653822
16,1000,true,0.4113722,18.522108
16,1000,true,0.41098785,18.493973
16,1000,true,0.41150296,18.550917
16,1000,true,0.410081,18.612074
16,1000,true,0.4122935,18.547316
16,1000,true,0.41461405,18.568129
16,1000,true,0.41057318,18.490189
16,1000,true,0.41104862,18.572218
16,1000,true,0.41138867,18.598402
16,1000,true,0.41125846,18.56056
16,1000,true,0.41441146,18.633375
15.37792,1000,true,0.4133237,18.618483
15.37792,1000,true,0.41626793,18.70735
15.37792,1000,true,0.4151088,18.627516
15.37792,1000,true,0.41649458,18.68727
15.37792,1000,true,0.41519815,18.649977
15.37792,1000,true,0.41768816,18.743729
15.37792,1000,true,0.4171131,18.743727
15.37792,1000,true,0.4161757,18.678907
15.37792,1000,true,0.41559324,18.641373
15.37792,1000,true,0.41471267,18.639662
15.800506,1000,true,0.41644028,18.696424
15.800506,1000,true,0.41017294,18.470596
15.800506,1000,true,0.41201538,18.617506
15.800506,1000,true,0.41145802,18.533096
15.800506,1000,true,0.4119032,18.537794
15.800506,1000,true,0.41099483,18.570389
15.800506,1000,true,0.41181937,18.526869
15.800506,1000,true,0.41134208,18.586315
15.800506,1000,true,0.4120458,18.562452
15.800506,1000,true,0.4100183,18.490858
16,1000,true,0.4228963,19.369762
16,1000,true,0.43020767,19.896313
16,1000,true,0.41146392,18.579603
16,1000,true,0.41172183,18.660963
16,1000,true,0.41365325,18.62599
16,1000,true,0.4113402,18.550856
16,1000,true,0.41110817,18.50453
16,1000,true,0.41154268,18.650587
16,1000,true,0.41265815,18.589186
16,1000,true,0.4115107,18.627089
15.719078,1000,true,0.41113415,18.566908
15.719078,1000,true,0.41390702,18.752213
15.719078,1000,true,0.41521916,18.744823
15.719078,1000,true,0.4118749,18.598158
15.719078,1000,true,0.41651005,18.839125
15.719078,1000,true,0.4111296,18.567396
15.719078,1000,true,0.41289377,18.582413
15.719078,1000,true,0.4107141,18.537062
15.719078,1000,true,0.41001096,18.473648
15.719078,1000,true,0.4120428,18.549818
15.470677,1000,true,0.41118753,18.543652
15.470677,1000,true,0.41816422,18.797132
15.470677,1000,true,0.41506177,18.736708
15.470677,1000,true,0.416972,18.713514
15.470677,1000,true,0.41574505,18.683851
15.470677,1000,true,0.41652572,18.712963
15.470677,1000,true,0.4164268,18.685682
15.470677,1000,true,0.41727722,18.7776
15.470677,1000,true,0.42700398,18.920912
15.470677,1000,true,0.42187262,19.13313
15.696825,1000,true,0.41639736,18.713331
15.696825,1000,true,0.41365254,18.730907
15.696825,1000,true,0.41222388,18.721998
15.696825,1000,true,0.41196388,18.600475
15.696825,1000,true,0.41387707,18.606764
15.696825,1000,true,0.4135595,18.559769
15.696825,1000,true,0.41210368,18.735914
15.696825,1000,true,0.4113659,18.602856
15.696825,1000,true,0.41195276,18.665297
15.696825,1000,true,0.41205344,18.591688
15.906971,1000,true,0.40976578,18.542004
15.906971,1000,true,0.41070896,18.619644
15.906971,1000,true,0.41113386,18.650831
15.906971,1000,true,0.41164124,18.639416
15.906971,1000,true,0.41372666,18.62422
15.906971,1000,true,0.41023704,18.526136
15.906971,1000,true,0.41091475,18.55757
15.906971,1000,true,0.4116658,18.581615
15.906971,1000,true,0.41096604,18.593033
15.906971,1000,true,0.4101494,18.564589
16,1000,true,0.4105154,18.550978
16,1000,true,0.41001356,18.523634
16,1000,true,0.41198915,18.613785
16,1000,true,0.41041642,18.540176
16,1000,true,0.41058457,18.554028
16,1000,true,0.4103027,18.526564
16,1000,true,0.41317314,18.71504
16,1000,true,0.4117292,18.583204
16,1000,true,0.41414866,18.745192
16,1000,true,0.41071916,18.544386
16,1000,true,0.41077068,18.512648
16,1000,true,0.41093826,18.573744
16,1000,true,0.4121434,18.612928
16,1000,true,0.41172862,18.610792
16,1000,true,0.41244137,18.584364
16,1000,true,0.41172367,18.70686
16,1000,true,0.41312298,18.669325
16,1000,true,0.40977377,18.562635
16,1000,true,0.41442776,18.771376
16,1000,true,0.41340876,18.649366
15.818012,1000,true,0.41140068,18.63606
15.818012,1000,true,0.41210023,18.715588
15.818012,1000,true,0.4134259,18.651503
15.818012,1000,true,0.41331178,18.761185
15.818012,1000,true,0.411629,18.591322
15.818012,1000,true,0.41173878,18.562757
15.818012,1000,true,0.4145918,18.698072
15.818012,1000,true,0.41229132,18.610914
15.818012,1000,true,0.41056684,18.599562
15.818012,1000,true,0.41013837,18.68556
15.994359,1000,true,0.4109128,18.666334
15.994359,1000,true,0.4153593,18.68916
15.994359,1000,true,0.4115,18.612867
15.994359,1000,true,0.41192454,18.717848
15.994359,1000,true,0.41111612,18.691605
15.994359,1000,true,0.41076905,18.612013
15.994359,1000,true,0.4128618,18.82832
15.994359,1000,true,0.4128601,18.792557
15.994359,1000,true,0.42329425,19.395033
15.994359,1000,true,0.411192,18.742384
15.822539,1000,true,0.4117334,18.683424
15.822539,1000,true,0.4106484,18.540724
15.822539,1000,true,0.41278103,18.675123
15.822539,1000,true,0.41156402,18.621595
15.822539,1000,true,0.41140887,18.68318
15.822539,1000,true,0.410832,18.607985
15.822539,1000,true,0.4114258,18.612013
15.822539,1000,true,0.41390172,18.649427
15.822539,1000,true,0.41120964,18.612137
15.822539,1000,true,0.4105065,18.650707
15.654388,1000,true,0.4108078,18.693312
15.654388,1000,true,0.4172894,19.07356
15.654388,1000,true,0.41251427,18.666578
15.654388,1000,true,0.41152605,18.576246
15.654388,1000,true,0.41257447,18.635267
15.654388,1000,true,0.4107375,18.61598
15.654388,1000,true,0.4100032,18.550976
15.654388,1000,true,0.4123027,18.632645
15.654388,1000,true,0.41099674,18.609571
15.654388,1000,true,0.41168454,18.7057
15.489235,1000,true,0.41085446,18.564589
15.489235,1000,true,0.41643822,18.773697
15.489235,1000,true,0.41668954,18.727552
15.489235,1000,true,0.4152007,18.690931
15.489235,1000,true,0.41746154,18.794447
15.489235,1000,true,0.4181538,18.750565
15.489235,1000,true,0.41489553,18.66206
15.489235,1000,true,0.41618708,18.75453
15.489235,1000,true,0.41638303,18.759535
15.489235,1000,true,0.4160653,18.672438
15.651923,1000,true,0.41494247,18.680676
15.651923,1000,true,0.4112354,18.628616
15.651923,1000,true,0.41109794,18.649548
15.651923,1000,true,0.41161233,18.639784
15.651923,1000,true,0.41414195,18.706615
15.651923,1000,true,0.4122806,18.732924
15.651923,1000,true,0.4124032,18.67146
15.651923,1000,true,0.41119966,18.623184
15.651923,1000,true,0.41226515,18.77174
15.651923,1000,true,0.41091317,18.603956
15.8125725,1000,true,0.4118358,18.65901
15.8125725,1000,true,0.41090932,18.581009
15.8125725,1000,true,0.41197148,18.626415
15.8125725,1000,true,0.41355717,18.66725
15.8125725,1000,true,0.4119854,18.622084
15.8125725,1000,true,0.41109106,18.686537
15.8125725,1000,true,0.41131046,18.572643
15.8125725,1000,true,0.41132396,18.685865
15.8125725,1000,true,0.41130903,18.661451
15.8125725,1000,true,0.41105992,18.677992
15.653616,1000,true,0.41242537,18.70332
15.653616,1000,true,0.412695,18.752028
15.653616,1000,true,0.41121197,18.628004
15.653616,1000,true,0.41168138,18.727308
15.653616,1000,true,0.41125745,18.681164
15.653616,1000,true,0.41026795,18.65254
15.653616,1000,true,0.42478442,19.006176
15.653616,1000,true,0.43090385,19.998362
15.653616,1000,true,0.41193357,18.734816
15.653616,1000,true,0.41124156,18.65608
15.811162,1000,true,0.41035515,18.671522
15.811162,1000,true,0.410214,18.643995
15.811162,1000,true,0.4125281,18.864454
15.811162,1000,true,0.41210857,18.783705
15.811162,1000,true,0.41111982,18.657911
15.811162,1000,true,0.4129473,18.760572
15.811162,1000,true,0.41274226,18.762648
15.811162,1000,true,0.41188344,18.665176
15.811162,1000,true,0.41125607,18.639112
15.811162,1000,true,0.44867682,20.536201
15.654797,1000,true,0.42884025,19.93104
15.654797,1000,true,0.43063772,19.888376
15.654797,1000,true,0.42852035,19.917309
15.654797,1000,true,0.4460716,20.315928
15.654797,1000,true,0.42582387,19.652231
15.654797,1000,true,0.4201993,19.084667
15.654797,1000,true,0.41570404,18.949903
15.654797,1000,true,0.41350165,18.709911
15.654797,1000,true,0.41231692,18.7552
15.654797,1000,true,0.41123202,18.740736
15.810173,1000,true,0.41159198,18.65132
15.810173,1500,true,2.344949,96.52112
15.810173,1500,true,2.3510957,96.338745
15.810173,1500,true,2.3533213,96.34246
15.810173,1500,true,2.3540924,96.31647
15.810173,1500,true,2.2083404,96.548584
15.810173,1500,true,2.363535,98.385185
15.810173,1500,true,2.361541,96.479065
15.810173,1500,true,2.352478,96.72668
15.810173,1500,true,2.3545842,96.364746
7.810173,1500,true,2.3583372,96.35278
7.810173,1500,true,4.7235003,126.20542
7.810173,1500,true,4.7214656,125.90653
7.810173,1500,true,4.7306814,125.5167
7.810173,1500,true,4.7297697,125.123886
7.810173,1500,true,4.7238774,124.85521
7.810173,1500,true,4.716915,125.50609
7.810173,1500,true,4.7162104,124.54357
7.810173,1500,true,4.736101,124.74968
7.810173,1500,true,4.7327065,124.55632
12.610173,1500,true,4.7147884,123.87242
12.610173,1500,true,1.9146931,79.28453
12.610173,1500,true,1.905094,79.258095
12.610173,1500,true,1.994956,80.5778
12.610173,1500,true,1.9188792,79.55827
12.610173,1500,true,1.921308,79.67118
12.610173,1500,true,1.9069079,79.39512
12.610173,1500,true,1.9034512,79.3242
12.610173,1500,true,1.9076064,79.55644
12.610173,1500,true,1.920162,79.7122
15.490173,1500,true,1.9034213,79.47996
15.490173,1500,true,2.0798793,86.43282
15.490173,1500,true,2.0827372,86.03616
15.490173,1500,true,2.0804424,86.03586
15.490173,1500,true,2.0856597,86.256065
15.490173,1500,true,2.078319,86.17562
15.490173,1500,true,2.0815375,86.17196
15.490173,1500,true,2.0817142,86.214195
15.490173,1500,true,2.082848,86.188866
15.490173,1500,true,2.0776126,86.214134
13.762173,1500,true,2.0932708,87.261246
13.762173,1500,true,1.9132774,81.532265
13.762173,1500,true,1.9941398,82.550934
13.762173,1500,true,1.9628711,82.210846
13.762173,1500,true,1.9558218,82.0618
13.762173,1500,true,1.9552789,82.03592
13.762173,1500,true,1.9549432,82.51169
13.762173,1500,true,1.951769,82.11368
13.762173,1500,true,1.95352,82.02482
13.762173,1500,true,1.9530635,82.08835
12.725372,1500,true,1.95704,82.227394
12.725372,1500,true,1.8627982,79.318886
12.725372,1500,true,1.861949,79.2816
12.725372,1500,true,1.9237529,80.29356
12.725372,1500,true,1.9968169,81.113625
12.725372,1500,true,1.9128234,79.91538
12.725372,1500,true,1.9208623,80.09647
12.725372,1500,true,1.862505,79.29612
12.725372,1500,true,1.9191654,80.09117
12.725372,1500,true,1.8679318,79.5648
12.103292,1500,true,1.9794196,85.32883
12.103292,1500,true,1.7971499,77.0175
12.103292,1500,true,1.8801256,78.51262
12.103292,1500,true,1.8736103,78.01213
12.103292,1500,true,1.8696645,77.92308
12.103292,1500,true,1.7974105,76.97215
12.103292,1500,true,1.8693775,77.917465
12.103292,1500,true,1.8688484,77.887245
12.103292,1500,true,1.8683467,77.88884
12.103292,1500,true,1.8665078,77.724525
11.680707,1500,true,1.8649311,77.911606
11.680707,1500,true,1.8666568,78.188705
11.680707,1500,true,1.8243622,78.18315
11.680707,1500,true,1.8803209,78.224106
11.680707,1500,true,1.8700676,77.97246
11.680707,1500,true,1.8780675,78.03819
11.680707,1500,true,1.8681171,77.92302
11.680707,1500,true,1.8666034,77.948715
11.680707,1500,true,1.8705719,78.52367
11.680707,1500,true,1.8698502,77.77464
12.012775,1500,true,1.8169241,77.15471
12.012775,1500,true,1.8699539,78.00133
12.012775,1500,true,1.8686959,77.970566
12.012775,1500,true,2.0035014,79.89451
12.012775,1500,true,1.8698027,78.061325
12.012775,1500,true,1.8669302,77.950424
12.012775,1500,true,1.8774278,78.0775
12.012775,1500,true,2.0019808,79.850624
12.012775,1500,true,1.8680817,77.89335
12.012775,1500,true,1.8687027,77.91294
12.293697,1500,true,1.7999115,77.23326
12.293697,1500,true,1.7958047,76.99693
12.293697,1500,true,1.8687618,77.991806
12.293697,1500,true,1.8697214,77.90941
12.293697,1500,true,1.8752663,78.41545
12.293697,1500,true,2.0025206,79.90788
12.293697,1500,true,1.7961091,77.01726
12.293697,1500,true,1.8678532,77.91691
12.293697,1500,true,1.8714912,78.00676
12.293697,1500,true,1.8048493,77.12456
12.542098,1500,true,2.000963,79.802895
12.542098,1500,true,1.9040852,80.03502
12.542098,1500,true,1.9189444,80.25504
12.542098,1500,true,1.921839,80.41819
12.542098,1500,true,1.9203202,81.26486
12.542098,1500,true,1.8634126,79.531235
12.542098,1500,true,1.9085793,80.091225
12.542098,1500,true,1.9217105,80.34678
12.542098,1500,true,1.9197254,80.25443
12.542098,1500,true,1.9202703,80.81089
12.31595,1500,true,1.9205797,80.31577
12.31595,1500,true,1.872262,77.90758
12.31595,1500,true,1.8655555,77.95567
12.31595,1500,true,1.8000171,77.216965
12.31595,1500,true,1.8668953,78.145065
12.31595,1500,true,1.8037441,77.41875
12.31595,1500,true,2.0034375,79.97007
12.31595,1500,true,2.0046413,79.999306
12.31595,1500,true,2.0024009,79.98057
12.31595,1500,true,1.8694286,77.99504
12.105804,1500,true,1.7965479,77.148
12.105804,1500,true,1.8390441,80.15421
12.105804,1500,true,2.0212975,88.906395
12.105804,1500,true,1.9490337,86.30874
12.105804,1500,true,1.8686976,78.18376
12.105804,1500,true,1.8859357,78.92357
12.105804,1500,true,1.8701038,78.12303
12.105804,1500,true,1.8684363,78.04857
12.105804,1500,true,1.87427,78.209274
12.105804,1500,true,1.8690075,78.09111
12.304028,1500,true,1.8704075,78.215195
12.304028,1500,true,1.7967743,77.15312
12.304028,1500,true,1.7967627,77.0443
12.304028,1500,true,1.8787287,78.32982
12.304028,1500,true,1.8659225,78.278366
12.304028,1500,true,2.0013974,79.93345
12.304028,1500,true,1.8908293,79.16136
12.304028,1500,true,1.867609,78.12926
12.304028,1500,true,1.793256,77.17644
12.304028,1500,true,1.8664569,78.14659
12.493132,1500,true,2.0260608,83.66611
12.493132,1500,true,1.8948543,79.93864
12.493132,1500,true,1.8693562,78.19175
12.493132,1500,true,1.8669956,78.06889
12.493132,1500,true,1.8703872,78.27617
12.493132,1500,true,1.8690146,78.14103
12.493132,1500,true,1.9617906,87.93074
12.493132,1500,true,1.8910377,79.877785
12.493132,1500,true,1.8692422,78.224655
12.493132,1500,true,1.7967542,77.1367
12.675119,1500,true,1.8659818,78.02751
12.675119,1500,true,1.8677554,79.68443
12.675119,1500,true,1.99721,81.434975
12.675119,1500,true,1.9175591,80.41819
12.675119,1500,true,1.8631526,79.64463
12.675119,1500,true,1.9053454,80.21397
12.675119,1500,true,1.9209433,80.52714
12.675119,1500,true,1.9187932,80.85453
12.675119,1500,true,1.9032091,80.2573
12.675119,1500,true,1.9154823,80.53391
12.498773,1500,true,1.8627276,79.57738
12.498773,1500,true,1.8683693,78.29796
12.498773,1500,true,1.7972336,77.36687
12.498773,1500,true,1.8659413,78.1505
12.498773,1500,true,1.8657405,78.09581
12.498773,1500,true,1.8695881,78.21598
12.498773,1500,true,1.8768996,78.33397
12.498773,1500,true,2.0020833,80.13938
12.498773,1500,true,1.8836343,79.17619
12.498773,1500,true,1.8659238,78.17937
12.326953,1500,true,1.7957795,77.28398
12.326953,1500,true,1.7925774,77.36577
12.326953,1500,true,1.870774,78.370224
12.326953,1500,true,1.8719735,78.788315
12.326953,1500,true,1.7970331,77.2448
12.326953,1500,true,1.8679943,78.201454
12.326953,1500,true,1.870244,78.26854
12.326953,1500,true,2.0035164,80.12034
12.326953,1500,true,1.8667185,78.14005
12.326953,1500,true,1.8792706,78.28227
12.495104,1500,true,1.8038762,77.333664
12.495104,1500,true,2.0056818,80.0388
12.495104,1500,true,1.869144,78.120834
12.495104,1500,true,1.869407,78.17619
12.495104,1500,true,1.8767846,78.36021
12.495104,1500,true,1.8673126,78.18132
12.495104,1500,true,1.8734696,78.28184
12.495104,1500,true,1.8762915,78.431625
12.495104,1500,true,1.7979469,77.38274
12.495104,1500,true,1.8805938,78.809616
12.32995,1500,true,1.8678856,78.25389
12.32995,1500,true,1.8684993,78.38573
12.32995,1500,true,1.7978408,77.3972
12.32995,1500,true,1.8672602,78.27824
12.32995,1500,true,1.7968386,77.367966
12.32995,1500,true,1.7957664,77.30815
12.32995,1500,true,1.8692596,78.29082
12.32995,1500,true,1.880291,78.59514
12.32995,1500,true,1.8683765,78.12285
12.32995,1500,true,1.8637124,78.10941
12.167262,1500,true,2.062433,81.963776
12.167262,1500,true,1.8680913,78.34709
12.167262,1500,true,1.8687277,78.28258
12.167262,1500,true,1.7969307,77.276115
12.167262,1500,true,1.7936038,77.316574
12.167262,1500,true,1.8850899,78.9636
12.167262,1500,true,1.7965809,77.3004
12.167262,1500,true,1.8691816,78.10282
12.167262,1500,true,1.8786047,78.4713
12.167262,1500,true,1.8764248,78.41521
12.006613,1500,true,1.8687185,78.09855
12.006613,1500,true,1.8689239,78.168015
12.006613,1500,true,1.8683636,78.20976
12.006613,1500,true,1.8666222,78.223495
12.006613,1500,true,1.8698652,78.17619
12.006613,1500,true,1.8713758,78.27104
12.006613,1500,true,1.8714828,78.250656
12.006613,1500,true,1.7984238,77.316574
12.006613,1500,true,1.8665121,78.10246
12.006613,1500,true,1.8699987,78.24339
12.165569,1500,true,1.8692846,78.153725
12.165569,1500,true,1.9387381,83.315094
12.165569,1500,true,1.8291299,78.339584
12.165569,1500,true,1.8694396,78.152565
12.165569,1500,true,1.8683829,78.23637
12.165569,1500,true,1.7961426,77.26347
12.165569,1500,true,1.8714827,78.3297
12.165569,1500,true,1.8713768,78.40635
12.165569,1500,true,2.0020268,80.121925
12.165569,1500,true,2.0032024,80.06107
12.008023,1500,true,1.8687661,78.206894
12.008023,1500,true,1.7984407,77.31767
12.008023,1500,true,1.8678353,79.24772
12.008023,1500,true,1.7876692,77.36162
12.008023,1500,true,1.8800341,78.606735
12.008023,1500,true,1.7956678,77.29057
12.008023,1500,true,2.001432,80.06486
12.008023,1500,true,1.8066784,77.89671
12.008023,1500,true,1.8655801,78.29649
12.008023,1500,true,2.0037777,80.14586
11.851658,1500,true,1.8779819,78.34685
11.851658,1500,true,1.868031,78.23014
11.851658,1500,true,1.8741155,78.35051
11.851658,1500,true,1.8743787,78.45128
11.851658,1500,true,1.8719132,78.330734
11.851658,1500,true,1.8690002,78.28758
11.851658,1500,true,1.8689054,78.2368
11.851658,1500,true,1.8657391,78.31809
11.851658,1500,true,1.8723947,78.24846
11.851658,1500,true,1.8692312,78.134995
11.696281,1500,true,1.868947,78.23838
